"client_path","stage","profile","program","bytes","source_sha256","priority","container_status","permutations","unique_programs","rule_status","port_status","capture_status"
"shaders/effects/MapObj.wfx","effects","wfx","MapObj","1351","e1f3a236a5723508e5f78440d14300a3130a900f382ea0fcfe8eabe7131778e1","effect-selector","effect-description","0","0","selector-inspected","unaudited","pending"
"shaders/effects/MapObjU.wfx","effects","wfx","MapObjU","1599","5cf2804603f5e2020b5cb709e90422f4aa0e4ad991dd25cf15539140f58adffb","effect-selector","effect-description","0","0","selector-inspected","unaudited","pending"
"shaders/effects/Model2.wfx","effects","wfx","Model2","1066","08dcf9bc1fafef6312b068066f14b2f9e042733d18944259142aae0b74641674","effect-selector","effect-description","0","0","selector-inspected","unaudited","pending"
"shaders/effects/Particle.wfx","effects","wfx","Particle","419","902e094365e6acff7e904ed89d3ab35edf3fb7dc3d2224ed88ffbeab5659dce1","effect-selector","effect-description","0","0","selector-inspected","unaudited","pending"
"shaders/effects/ShadowMap.wfx","effects","wfx","ShadowMap","212","660cea8ca6ab69e2ee56d18528bfc355e93beaadc7ccfd59182e6727470bba91","effect-selector","effect-description","0","0","selector-inspected","unaudited","pending"
"shaders/pixel/arbfp1/Combiners_Add_Add.bls","pixel","arbfp1","Combiners_Add_Add","40036","c5907f80d6abac12461e16cec96307848571f36e106af5e10ca99e764a9f9fff","fallback-reachability","container-inventoried","","","not-extracted-dx9-scope","unaudited","pending"
"shaders/pixel/arbfp1/Combiners_Add_Mod.bls","pixel","arbfp1","Combiners_Add_Mod","40280","883ac6c3e27279bf3d9a8e176f79d7ac2630fd54637821e02677780c899c8c29","fallback-reachability","container-inventoried","","","not-extracted-dx9-scope","unaudited","pending"
"shaders/pixel/arbfp1/Combiners_Add_Mod2x.bls","pixel","arbfp1","Combiners_Add_Mod2x","41176","5dd08fbaaf7b2f6a64a53702332d35756502cd38f0073ef3f47b17661e72e268","fallback-reachability","container-inventoried","","","not-extracted-dx9-scope","unaudited","pending"
"shaders/pixel/arbfp1/Combiners_Add_Opaque.bls","pixel","arbfp1","Combiners_Add_Opaque","40048","09986f453d3047ae9ef28e4bb2983172371af4efe563604e5570c04215ea0712","fallback-reachability","container-inventoried","","","not-extracted-dx9-scope","unaudited","pending"
"shaders/pixel/arbfp1/Combiners_Add.bls","pixel","arbfp1","Combiners_Add","38516","ce286b041bd19c3b48bb26ee586e842f99a5015663c11e10592b051274a8ed68","fallback-reachability","container-inventoried","","","not-extracted-dx9-scope","unaudited","pending"
"shaders/pixel/arbfp1/Combiners_Decal.bls","pixel","arbfp1","Combiners_Decal","40356","656ab65407194eb96dff59c407f8a0ba4be5c6afe1d4b77efa208580789ae862","fallback-reachability","container-inventoried","","","not-extracted-dx9-scope","unaudited","pending"
"shaders/pixel/arbfp1/Combiners_Fade.bls","pixel","arbfp1","Combiners_Fade","40148","f00d9ec663dbea062bef920a0cc2c1a81ea85dc8093e706e07f49550e3b4b846","fallback-reachability","container-inventoried","","","not-extracted-dx9-scope","unaudited","pending"
"shaders/pixel/arbfp1/Combiners_Mod_Add.bls","pixel","arbfp1","Combiners_Mod_Add","39608","a56efd29593e17ebe2f62c5b749f81831b3c3275babed601873dd957d2325a54","fallback-reachability","container-inventoried","","","not-extracted-dx9-scope","unaudited","pending"
"shaders/pixel/arbfp1/Combiners_Mod_AddNA.bls","pixel","arbfp1","Combiners_Mod_AddNA","39720","424573801717db56546048a0020e917c1b0f18a8ab13d0b95de24e4f3802db01","fallback-reachability","container-inventoried","","","not-extracted-dx9-scope","unaudited","pending"
"shaders/pixel/arbfp1/Combiners_Mod_Mod.bls","pixel","arbfp1","Combiners_Mod_Mod","40020","2ec421aefced5d970fa23bed048298c8aae801dd9a849edb2ef073b86f532d15","fallback-reachability","container-inventoried","","","not-extracted-dx9-scope","unaudited","pending"
"shaders/pixel/arbfp1/Combiners_Mod_Mod2x.bls","pixel","arbfp1","Combiners_Mod_Mod2x","41108","7a5e69a7a48e6d9968d2a85b23a606081225351bb9911ad1c8e112333bc8ab65","fallback-reachability","container-inventoried","","","not-extracted-dx9-scope","unaudited","pending"
"shaders/pixel/arbfp1/Combiners_Mod_Mod2xNA.bls","pixel","arbfp1","Combiners_Mod_Mod2xNA","40528","69fd7074a603baa6e23aceb8b9f0851d87de0218e9ae741144e717e8a187ab9d","fallback-reachability","container-inventoried","","","not-extracted-dx9-scope","unaudited","pending"
"shaders/pixel/arbfp1/Combiners_Mod_Opaque.bls","pixel","arbfp1","Combiners_Mod_Opaque","39984","01a54d06ba3a1cea6ec51e062abbe5185f3c3f1edbedd4a6938000233487a09d","fallback-reachability","container-inventoried","","","not-extracted-dx9-scope","unaudited","pending"
"shaders/pixel/arbfp1/Combiners_Mod.bls","pixel","arbfp1","Combiners_Mod","38676","d5fcfc511cf3a3766e736529019bb92a321b1450c79f69fe2fde617748fd9db8","fallback-reachability","container-inventoried","","","not-extracted-dx9-scope","unaudited","pending"
"shaders/pixel/arbfp1/Combiners_Mod2x_Add.bls","pixel","arbfp1","Combiners_Mod2x_Add","40620","15586ed24fcd8201ba0b7d811e428afb77154c83af6e0a9e4bb24548ca60beae","fallback-reachability","container-inventoried","","","not-extracted-dx9-scope","unaudited","pending"
"shaders/pixel/arbfp1/Combiners_Mod2x_Mod2x.bls","pixel","arbfp1","Combiners_Mod2x_Mod2x","41000","fe5abbd6fba069d1c37f0d16ab3fc92dfbd6641f5e7a95fd8a00d0ff503364f8","fallback-reachability","container-inventoried","","","not-extracted-dx9-scope","unaudited","pending"
"shaders/pixel/arbfp1/Combiners_Mod2x_Opaque.bls","pixel","arbfp1","Combiners_Mod2x_Opaque","40900","c1a1608b85d116c5d34b91539db3b1686aa89adbfa439a208fd746e61794756c","fallback-reachability","container-inventoried","","","not-extracted-dx9-scope","unaudited","pending"
"shaders/pixel/arbfp1/Combiners_Mod2x.bls","pixel","arbfp1","Combiners_Mod2x","39716","fb5f6444515be70cf79a2476643fc2c94c8b9c9ec60fe1b89ccc3dfea07d9772","fallback-reachability","container-inventoried","","","not-extracted-dx9-scope","unaudited","pending"
"shaders/pixel/arbfp1/Combiners_Opaque_Add.bls","pixel","arbfp1","Combiners_Opaque_Add","39720","f18b67b164b1e65c45769c434b98301590e90a8209187fb005154b3e3f4c8ea7","fallback-reachability","container-inventoried","","","not-extracted-dx9-scope","unaudited","pending"
"shaders/pixel/arbfp1/Combiners_Opaque_AddAlpha_Alpha.bls","pixel","arbfp1","Combiners_Opaque_AddAlpha_Alpha","40592","2c936d9f322c57ac359a84a893816b6878daf575156eaa620660aeadbcd936ba","fallback-reachability","container-inventoried","","","not-extracted-dx9-scope","unaudited","pending"
"shaders/pixel/arbfp1/Combiners_Opaque_AddAlpha.bls","pixel","arbfp1","Combiners_Opaque_AddAlpha","40036","f79a80ebe9bf2838b72ff9f98046eeacd18181e9feb5b7308bb5c8b884da533c","fallback-reachability","container-inventoried","","","not-extracted-dx9-scope","unaudited","pending"
"shaders/pixel/arbfp1/Combiners_Opaque_AddNA.bls","pixel","arbfp1","Combiners_Opaque_AddNA","39736","25ae3048f8cf370e1d7c9ef04fc69548ef99f7c50bb9a7c9c714728d08bef148","fallback-reachability","container-inventoried","","","not-extracted-dx9-scope","unaudited","pending"
"shaders/pixel/arbfp1/Combiners_Opaque_Mod.bls","pixel","arbfp1","Combiners_Opaque_Mod","39984","a9d68c6b2cae4f0f8ac71b92139f1a8620a49b17f7274d807bff5f99d06e5444","fallback-reachability","container-inventoried","","","not-extracted-dx9-scope","unaudited","pending"
"shaders/pixel/arbfp1/Combiners_Opaque_Mod2x.bls","pixel","arbfp1","Combiners_Opaque_Mod2x","40900","e4e9620c797110466fc4f585faf6f249d76e16f0fc46f74fb0b3b695367e31c5","fallback-reachability","container-inventoried","","","not-extracted-dx9-scope","unaudited","pending"
"shaders/pixel/arbfp1/Combiners_Opaque_Mod2xNA_Alpha.bls","pixel","arbfp1","Combiners_Opaque_Mod2xNA_Alpha","41564","8b9fdcc3bbd345395e96c9221059ff7eb24cdb01ab8f371834b2524d0dd9a8d0","fallback-reachability","container-inventoried","","","not-extracted-dx9-scope","unaudited","pending"
"shaders/pixel/arbfp1/Combiners_Opaque_Mod2xNA.bls","pixel","arbfp1","Combiners_Opaque_Mod2xNA","40544","cee586d521d23f458f43fb6d9f9c399390e20db3295bdd34ef5a02fbf4852763","fallback-reachability","container-inventoried","","","not-extracted-dx9-scope","unaudited","pending"
"shaders/pixel/arbfp1/Combiners_Opaque_Opaque.bls","pixel","arbfp1","Combiners_Opaque_Opaque","40000","37c6c338d14246d75e3e31be046c9519ab11e42ce6c9175c158208e05fa85d80","fallback-reachability","container-inventoried","","","not-extracted-dx9-scope","unaudited","pending"
"shaders/pixel/arbfp1/Combiners_Opaque.bls","pixel","arbfp1","Combiners_Opaque","38836","61f13d13e1570d119a7eb102300a927b93d14b2a08e2598c2d6e8834872e1320","fallback-reachability","container-inventoried","","","not-extracted-dx9-scope","unaudited","pending"
"shaders/pixel/arbfp1/Desaturate.bls","pixel","arbfp1","Desaturate","232","e67aec46796ae0ef36257621bf580f69709055c7e42978907946f90d37a4a8c7","fallback-reachability","container-inventoried","","","not-extracted-dx9-scope","unaudited","pending"
"shaders/pixel/arbfp1/DetailDoodad.bls","pixel","arbfp1","DetailDoodad","19572","c9cc5be713c22a66d46f439bb17b9c827cf629d54a07a5ca27151c1615a9971c","fallback-reachability","container-inventoried","","","not-extracted-dx9-scope","unaudited","pending"
"shaders/pixel/arbfp1/FFXBox4.bls","pixel","arbfp1","FFXBox4","876","7e86ea779219fa614ca859810c4939911ef7e29de028f96d1fb87fbf99cd7d04","fallback-reachability","container-inventoried","","","not-extracted-dx9-scope","unaudited","pending"
"shaders/pixel/arbfp1/FFXComposite.bls","pixel","arbfp1","FFXComposite","644","6ff4dd2c15b8180f8fb651d21560ad9db07155e596b0f70f09c2bf60a57e4c6d","fallback-reachability","container-inventoried","","","not-extracted-dx9-scope","unaudited","pending"
"shaders/pixel/arbfp1/FFXDeath.bls","pixel","arbfp1","FFXDeath","960","d6e3ef3c436788d2fe2b261655f749a1612913398e6f4a033cde18760250297e","fallback-reachability","container-inventoried","","","not-extracted-dx9-scope","unaudited","pending"
"shaders/pixel/arbfp1/FFXFogCombine.bls","pixel","arbfp1","FFXFogCombine","944","7fd23740f953a63ef612f49b5034e8c4ef0bafed8fd889695794c41018f3dd9a","fallback-reachability","container-inventoried","","","not-extracted-dx9-scope","unaudited","pending"
"shaders/pixel/arbfp1/FFXGauss4.bls","pixel","arbfp1","FFXGauss4","764","7b1103dcc39353cde7b86a943febca9e0efc83ed201c3fae387c9107715ec413","fallback-reachability","container-inventoried","","","not-extracted-dx9-scope","unaudited","pending"
"shaders/pixel/arbfp1/FFXGlow.bls","pixel","arbfp1","FFXGlow","728","9acea37e6e43d3c3b608a81a714f68135a2bb693fce17a5d6f604e6f001c372d","fallback-reachability","container-inventoried","","","not-extracted-dx9-scope","unaudited","pending"
"shaders/pixel/arbfp1/FFXGlowWave.bls","pixel","arbfp1","FFXGlowWave","2148","f960ce2c87c852371b45081d1811c5059cbb030c59e12d199bb2e5ee13d331cd","fallback-reachability","container-inventoried","","","not-extracted-dx9-scope","unaudited","pending"
"shaders/pixel/arbfp1/FFXNetherBlur.bls","pixel","arbfp1","FFXNetherBlur","724","d932c6ed0642683e17f361fa126c2187cd7800fe1cc55cbd522e507ac4753d27","fallback-reachability","container-inventoried","","","not-extracted-dx9-scope","unaudited","pending"
"shaders/pixel/arbfp1/FFXNetherCombine.bls","pixel","arbfp1","FFXNetherCombine","792","28e4f1451653f974ec1ec9365734eeb83b65581bb5ec867b35cde50233c68df9","fallback-reachability","container-inventoried","","","not-extracted-dx9-scope","unaudited","pending"
"shaders/pixel/arbfp1/FFXPropagateFog.bls","pixel","arbfp1","FFXPropagateFog","860","08a29e58acc1cb063de3e00ce49c4284eb86927775dc6f535ab1ac25f68331d0","fallback-reachability","container-inventoried","","","not-extracted-dx9-scope","unaudited","pending"
"shaders/pixel/arbfp1/FFXQuad.bls","pixel","arbfp1","FFXQuad","292","117b1d74aa3b56a75319795cdea2f80c15b23336a5678f69e0ca9ef52ab4e17f","fallback-reachability","container-inventoried","","","not-extracted-dx9-scope","unaudited","pending"
"shaders/pixel/arbfp1/MapObjComposite_V.bls","pixel","arbfp1","MapObjComposite_V","0","e3b0c44298fc1c149afbf4c8996fb92427ae41e4649b934ca495991b7852b855","fallback-reachability","empty-file","","","not-extracted-dx9-scope","unaudited","pending"
"shaders/pixel/arbfp1/MapObjComposite.bls","pixel","arbfp1","MapObjComposite","41068","7b9420ab2442bc1d3a3401f698e43ce32dcd93ad2c566bb4be5abe39b6205284","fallback-reachability","container-inventoried","","","not-extracted-dx9-scope","unaudited","pending"
"shaders/pixel/arbfp1/MapObjDiffuse.bls","pixel","arbfp1","MapObjDiffuse","39300","900e917550976c875cd81249385ceeec6fbecd65228917b7bbb1607ba96edbaf","fallback-reachability","container-inventoried","","","not-extracted-dx9-scope","unaudited","pending"
"shaders/pixel/arbfp1/MapObjEnv.bls","pixel","arbfp1","MapObjEnv","40572","bae8c1e9ef683682f9ca8a05e682df7b33adc454a18ac0bbc0e9787657dadf3c","fallback-reachability","container-inventoried","","","not-extracted-dx9-scope","unaudited","pending"
"shaders/pixel/arbfp1/MapObjEnvMetal.bls","pixel","arbfp1","MapObjEnvMetal","40964","b033959b4fddf9fa654e9cb4c815f521f59ea5bf559ec9b477a4b46f65beb6e1","fallback-reachability","container-inventoried","","","not-extracted-dx9-scope","unaudited","pending"
"shaders/pixel/arbfp1/MapObjMetal.bls","pixel","arbfp1","MapObjMetal","39388","19d85855f80f3a95d69a9a4f3778a42a2503f8321a0551211694094bc66200b8","fallback-reachability","container-inventoried","","","not-extracted-dx9-scope","unaudited","pending"
"shaders/pixel/arbfp1/MapObjOpaque.bls","pixel","arbfp1","MapObjOpaque","39388","19d85855f80f3a95d69a9a4f3778a42a2503f8321a0551211694094bc66200b8","fallback-reachability","container-inventoried","","","not-extracted-dx9-scope","unaudited","pending"
"shaders/pixel/arbfp1/MapObjSpecular.bls","pixel","arbfp1","MapObjSpecular","39388","19d85855f80f3a95d69a9a4f3778a42a2503f8321a0551211694094bc66200b8","fallback-reachability","container-inventoried","","","not-extracted-dx9-scope","unaudited","pending"
"shaders/pixel/arbfp1/psLiquidMagma.bls","pixel","arbfp1","psLiquidMagma","232","1be4c3af6fa08272387ca3386fd8773fe5aa3bae6df40aa3f330a008737daf5c","fallback-reachability","container-inventoried","","","not-extracted-dx9-scope","unaudited","pending"
"shaders/pixel/arbfp1/psLiquidProcWater_Editor.bls","pixel","arbfp1","psLiquidProcWater_Editor","1884","3e7d749cd521ee8f7dce1091122989fd03993ec5295c4acd6aa1a317092b6354","fallback-reachability","container-inventoried","","","not-extracted-dx9-scope","unaudited","pending"
"shaders/pixel/arbfp1/psLiquidProcWater.bls","pixel","arbfp1","psLiquidProcWater","1892","2cebd27c2103a6eb02562daafdc06492d83251837e65499f2b4360ac0fdef30d","fallback-reachability","container-inventoried","","","not-extracted-dx9-scope","unaudited","pending"
"shaders/pixel/arbfp1/psLiquidWater.bls","pixel","arbfp1","psLiquidWater","404","263bb37e7f3432a2d30d33a205aa45cbfac7c91ba174a90da28a218564cbe0bf","fallback-reachability","container-inventoried","","","not-extracted-dx9-scope","unaudited","pending"
"shaders/pixel/arbfp1/psLiquidWaterNoSpec.bls","pixel","arbfp1","psLiquidWaterNoSpec","276","9ddf4f0099a1ae16e8d4b73b98338a1659db26d6243fadd9d566fb6126018f80","fallback-reachability","container-inventoried","","","not-extracted-dx9-scope","unaudited","pending"
"shaders/pixel/arbfp1/ShadowMap.bls","pixel","arbfp1","ShadowMap","0","e3b0c44298fc1c149afbf4c8996fb92427ae41e4649b934ca495991b7852b855","fallback-reachability","empty-file","","","not-extracted-dx9-scope","unaudited","pending"
"shaders/pixel/arbfp1/ShadowMapSL.bls","pixel","arbfp1","ShadowMapSL","4044","81ae40165aaf90b697fb45777c07299fe0499e3cd0383a89459e510a02c4338d","fallback-reachability","container-inventoried","","","not-extracted-dx9-scope","unaudited","pending"
"shaders/pixel/arbfp1/Terrain0_env.bls","pixel","arbfp1","Terrain0_env","568","7eba0a32d26e4aae57343ec79b461c6be3abb363649a818eb65927cd0bc87360","fallback-reachability","container-inventoried","","","not-extracted-dx9-scope","unaudited","pending"
"shaders/pixel/arbfp1/Terrain0.bls","pixel","arbfp1","Terrain0","1572","80f215f0df665574531dc84df0d3f8f6007ad59568588aa9822f0d8e69a29766","fallback-reachability","container-inventoried","","","not-extracted-dx9-scope","unaudited","pending"
"shaders/pixel/arbfp1/Terrain1.bls","pixel","arbfp1","Terrain1","25404","0f95164ac0e6507bd7e696d4299c1fbc6bfcd50822b4837103b1933960fe4f5f","fallback-reachability","container-inventoried","","","not-extracted-dx9-scope","unaudited","pending"
"shaders/pixel/arbfp1/Terrain2_pcf.bls","pixel","arbfp1","Terrain2_pcf","55844","513c1d04fd8e437792913900a727cf9f63cec32c4eabc2521db8508fd8541730","fallback-reachability","container-inventoried","","","not-extracted-dx9-scope","unaudited","pending"
"shaders/pixel/arbfp1/Terrain2.bls","pixel","arbfp1","Terrain2","48712","16276432ae7a8c6bc668c1fb93ff396ff5e5b862cf00c40a0eba6d403a0b0d76","fallback-reachability","container-inventoried","","","not-extracted-dx9-scope","unaudited","pending"
"shaders/pixel/arbfp1/Terrain3_pcf.bls","pixel","arbfp1","Terrain3_pcf","358368","460bc099cbc452323ce1117f19681d0e5834716ccbe4dd905afd3fcb17843f04","fallback-reachability","container-inventoried","","","not-extracted-dx9-scope","unaudited","pending"
"shaders/pixel/arbfp1/Terrain3.bls","pixel","arbfp1","Terrain3","297588","04ad26c6ba206c870fef4b9593b459a723025c9be3ea15401dc189235b5f0c5c","fallback-reachability","container-inventoried","","","not-extracted-dx9-scope","unaudited","pending"
"shaders/pixel/arbfp1/TerrainSM.bls","pixel","arbfp1","TerrainSM","256","78753baf4a261b6737e431d86b59a80b030f0977deb6b27670093ff655ecc9fa","fallback-reachability","container-inventoried","","","not-extracted-dx9-scope","unaudited","pending"
"shaders/pixel/arbfp1/UI.bls","pixel","arbfp1","UI","148","64e342ff3e31e2b7157eca9c5400d15b3e065237f88d8ee14a3ec2a8796960bd","fallback-reachability","container-inventoried","","","not-extracted-dx9-scope","unaudited","pending"
"shaders/pixel/arbfp1/WaterRipples.bls","pixel","arbfp1","WaterRipples","176","990386b525881bd474038697d3f2274e6c9d29be406aa9669868803d0ca11321","fallback-reachability","container-inventoried","","","not-extracted-dx9-scope","unaudited","pending"
"shaders/pixel/nvfp2/Combiners_Add_Add.bls","pixel","nvfp2","Combiners_Add_Add","40140","c95d33bde7d921537a1402d32cec53037f6dc667f2dee4a4f5b1ae0ecb4dbbcb","fallback-reachability","container-inventoried","","","not-extracted-dx9-scope","unaudited","pending"
"shaders/pixel/nvfp2/Combiners_Add_Mod.bls","pixel","nvfp2","Combiners_Add_Mod","40704","c153447b068cdcea75c1653e01b0a417779d5d55219438ccf4d3eebaa2c46bb7","fallback-reachability","container-inventoried","","","not-extracted-dx9-scope","unaudited","pending"
"shaders/pixel/nvfp2/Combiners_Add_Mod2x.bls","pixel","nvfp2","Combiners_Add_Mod2x","42212","465963b04a1dfeea1fb79ec0443f9176aa9eeac8a8c7e581f54015e438dfd287","fallback-reachability","container-inventoried","","","not-extracted-dx9-scope","unaudited","pending"
"shaders/pixel/nvfp2/Combiners_Add_Opaque.bls","pixel","nvfp2","Combiners_Add_Opaque","40428","acc1a122ce08d872b39ddebc51dd79f185efccff2aaec6f25ae5346bf6ba1395","fallback-reachability","container-inventoried","","","not-extracted-dx9-scope","unaudited","pending"
"shaders/pixel/nvfp2/Combiners_Add.bls","pixel","nvfp2","Combiners_Add","38464","40995e622bbec7844d74d8553a56b39104c4fa1e27a9b08c70b457163dbf6b30","fallback-reachability","container-inventoried","","","not-extracted-dx9-scope","unaudited","pending"
"shaders/pixel/nvfp2/Combiners_Decal.bls","pixel","nvfp2","Combiners_Decal","40216","82aebcf85e297a2963bba5c75e58c9bacc87f81495a976e2b411e6e0800a966e","fallback-reachability","container-inventoried","","","not-extracted-dx9-scope","unaudited","pending"
"shaders/pixel/nvfp2/Combiners_Fade.bls","pixel","nvfp2","Combiners_Fade","40436","0775ce1e503dcbd931da2265d088bc1041f17cefe6b14d0f8ab5f4d948692d12","fallback-reachability","container-inventoried","","","not-extracted-dx9-scope","unaudited","pending"
"shaders/pixel/nvfp2/Combiners_Mod_Add.bls","pixel","nvfp2","Combiners_Mod_Add","39936","7c0cca62809526d2cbf9cf33ed3742d3ac9c0123a77ef10f259a63aac99a22f4","fallback-reachability","container-inventoried","","","not-extracted-dx9-scope","unaudited","pending"
"shaders/pixel/nvfp2/Combiners_Mod_AddNA.bls","pixel","nvfp2","Combiners_Mod_AddNA","40088","99922a080b6396cf3aa43ca77a17513b339dda9e831e4b71a5aaa96598569ebb","fallback-reachability","container-inventoried","","","not-extracted-dx9-scope","unaudited","pending"
"shaders/pixel/nvfp2/Combiners_Mod_Mod.bls","pixel","nvfp2","Combiners_Mod_Mod","40180","7bd94691407768fc89a30e3e4f5e29413353555761fb299fc3df7201b13235f7","fallback-reachability","container-inventoried","","","not-extracted-dx9-scope","unaudited","pending"
"shaders/pixel/nvfp2/Combiners_Mod_Mod2x.bls","pixel","nvfp2","Combiners_Mod_Mod2x","41564","2a6c12511850765abeaa4e984f37d0906c3c2a2dfc309a2bd414505315ce9728","fallback-reachability","container-inventoried","","","not-extracted-dx9-scope","unaudited","pending"
"shaders/pixel/nvfp2/Combiners_Mod_Mod2xNA.bls","pixel","nvfp2","Combiners_Mod_Mod2xNA","40940","b975641b58d3ce12e229390e610fcbb6681e5bfccb62567b0f3863eb63686e62","fallback-reachability","container-inventoried","","","not-extracted-dx9-scope","unaudited","pending"
"shaders/pixel/nvfp2/Combiners_Mod_Opaque.bls","pixel","nvfp2","Combiners_Mod_Opaque","40084","a99029f5e43251224fe8a58ab82ec3770d75639dbfef629ffd15d15e2f8bc6ba","fallback-reachability","container-inventoried","","","not-extracted-dx9-scope","unaudited","pending"
"shaders/pixel/nvfp2/Combiners_Mod.bls","pixel","nvfp2","Combiners_Mod","38680","d6a6413a8b1c97c3b357cbee6974cae45475f0a19f720a443d112aae3d4e8e32","fallback-reachability","container-inventoried","","","not-extracted-dx9-scope","unaudited","pending"
"shaders/pixel/nvfp2/Combiners_Mod2x_Add.bls","pixel","nvfp2","Combiners_Mod2x_Add","41012","9efacc739c92fea028c4064b15cc24ce8161c1c083e782b66280a9c48333e469","fallback-reachability","container-inventoried","","","not-extracted-dx9-scope","unaudited","pending"
"shaders/pixel/nvfp2/Combiners_Mod2x_Mod2x.bls","pixel","nvfp2","Combiners_Mod2x_Mod2x","41436","9612b012ee5d73d410d2575a7fb504be47f5733cd21c1e3acd47bb3c441e0b58","fallback-reachability","container-inventoried","","","not-extracted-dx9-scope","unaudited","pending"
"shaders/pixel/nvfp2/Combiners_Mod2x_Opaque.bls","pixel","nvfp2","Combiners_Mod2x_Opaque","41308","ca4e337113092760937245810fe3259ed251d9ed7401c00a7660197efe23fb81","fallback-reachability","container-inventoried","","","not-extracted-dx9-scope","unaudited","pending"
"shaders/pixel/nvfp2/Combiners_Mod2x.bls","pixel","nvfp2","Combiners_Mod2x","39820","251b09e80a3a272860c8412b5d6f0d1feca253a68dd5ff8b8a073754af38aff8","fallback-reachability","container-inventoried","","","not-extracted-dx9-scope","unaudited","pending"
"shaders/pixel/nvfp2/Combiners_Opaque_Add.bls","pixel","nvfp2","Combiners_Opaque_Add","40088","5f5b44970bd0aa5c3ea25697f402f1446b751bb04293e01e3866fe5da73e9568","fallback-reachability","container-inventoried","","","not-extracted-dx9-scope","unaudited","pending"
"shaders/pixel/nvfp2/Combiners_Opaque_AddAlpha_Alpha.bls","pixel","nvfp2","Combiners_Opaque_AddAlpha_Alpha","40952","fa5379a7b8aae037acd5275697328592b30cfe7ffaf9cd9b69cd8014322f76e1","fallback-reachability","container-inventoried","","","not-extracted-dx9-scope","unaudited","pending"
"shaders/pixel/nvfp2/Combiners_Opaque_AddAlpha.bls","pixel","nvfp2","Combiners_Opaque_AddAlpha","40108","259811e7501fb8da4b47381af0c0a58e7db1e269cd0175f9e8f7f63576290b2e","fallback-reachability","container-inventoried","","","not-extracted-dx9-scope","unaudited","pending"
"shaders/pixel/nvfp2/Combiners_Opaque_AddNA.bls","pixel","nvfp2","Combiners_Opaque_AddNA","39840","ae0dc9d56075897ba7db6a804fc2b20fdda27ea4ef7c514ba0968e8b600a1de6","fallback-reachability","container-inventoried","","","not-extracted-dx9-scope","unaudited","pending"
"shaders/pixel/nvfp2/Combiners_Opaque_Mod.bls","pixel","nvfp2","Combiners_Opaque_Mod","40084","02a3e9afe4bb79b3e7345b6ae252429c7dc62842c38d594e5afd0773b4f518d1","fallback-reachability","container-inventoried","","","not-extracted-dx9-scope","unaudited","pending"
"shaders/pixel/nvfp2/Combiners_Opaque_Mod2x.bls","pixel","nvfp2","Combiners_Opaque_Mod2x","41308","4a2e47c96ca0c27f7c72b8661b9262c94b787eaf229708c087476b495bfadaa6","fallback-reachability","container-inventoried","","","not-extracted-dx9-scope","unaudited","pending"
"shaders/pixel/nvfp2/Combiners_Opaque_Mod2xNA_Alpha.bls","pixel","nvfp2","Combiners_Opaque_Mod2xNA_Alpha","42020","da2db49b106f8ce6b7f042c10d603671df791cd8d5b4f914210b3ebe1e9e8989","fallback-reachability","container-inventoried","","","not-extracted-dx9-scope","unaudited","pending"
"shaders/pixel/nvfp2/Combiners_Opaque_Mod2xNA.bls","pixel","nvfp2","Combiners_Opaque_Mod2xNA","41088","19ddb228199a475079c80759b98d714181471b3c931fff957cd94ccfbbfc6eff","fallback-reachability","container-inventoried","","","not-extracted-dx9-scope","unaudited","pending"
"shaders/pixel/nvfp2/Combiners_Opaque_Opaque.bls","pixel","nvfp2","Combiners_Opaque_Opaque","40232","8e6907e93692be2dbc1e6ac0feefc62745e70f738d51d51b000d33bb3f902f33","fallback-reachability","container-inventoried","","","not-extracted-dx9-scope","unaudited","pending"
"shaders/pixel/nvfp2/Combiners_Opaque.bls","pixel","nvfp2","Combiners_Opaque","39016","126652867783f49de0f61855732cd1b8bc16e8c7827bb1abfd738bcd34891f3a","fallback-reachability","container-inventoried","","","not-extracted-dx9-scope","unaudited","pending"
"shaders/pixel/nvfp2/Desaturate.bls","pixel","nvfp2","Desaturate","300","f16d0ff5b21b7601d12e2387e26afa1a268481a7456c903afaf437dba9821dc1","fallback-reachability","container-inventoried","","","not-extracted-dx9-scope","unaudited","pending"
"shaders/pixel/nvfp2/DetailDoodad.bls","pixel","nvfp2","DetailDoodad","19604","8b5498d3d2136301c67183e06063431e8498cfaf091be0debe28bc4a4cedebce","fallback-reachability","container-inventoried","","","not-extracted-dx9-scope","unaudited","pending"
"shaders/pixel/nvfp2/FFXBox4.bls","pixel","nvfp2","FFXBox4","1028","5907917813e4f74d6fda1d7383872b9a606a3518caed9f4f17de328ae8c295cb","fallback-reachability","container-inventoried","","","not-extracted-dx9-scope","unaudited","pending"
"shaders/pixel/nvfp2/FFXComposite.bls","pixel","nvfp2","FFXComposite","812","724082f8d511f1d84ab61848aa998e15fde01a5abc4d2c6f82636c0fdfa408d7","fallback-reachability","container-inventoried","","","not-extracted-dx9-scope","unaudited","pending"
"shaders/pixel/nvfp2/FFXDeath.bls","pixel","nvfp2","FFXDeath","1080","fc63f84907ef6b7ca5d56c1fa6f5c89333a2f40ac0853eef8eaf272c6c73b550","fallback-reachability","container-inventoried","","","not-extracted-dx9-scope","unaudited","pending"
"shaders/pixel/nvfp2/FFXFogCombine.bls","pixel","nvfp2","FFXFogCombine","1112","791fe9eb7ac13fce6cf76e78bb1166765d8027bb1358d201ce9b5d48f48f565b","fallback-reachability","container-inventoried","","","not-extracted-dx9-scope","unaudited","pending"
"shaders/pixel/nvfp2/FFXGauss4.bls","pixel","nvfp2","FFXGauss4","932","9b4e96ff67c2f2ea786d0f783b103ebc0178a2475d79bbdb40ee00a2057dbaa5","fallback-reachability","container-inventoried","","","not-extracted-dx9-scope","unaudited","pending"
"shaders/pixel/nvfp2/FFXGlow.bls","pixel","nvfp2","FFXGlow","872","8ad63185c21484a999beded94ec2a1ccc6f99cb22774324e16f0b04853e121ed","fallback-reachability","container-inventoried","","","not-extracted-dx9-scope","unaudited","pending"
"shaders/pixel/nvfp2/FFXGlowWave.bls","pixel","nvfp2","FFXGlowWave","2436","b71e1e5ba6d0387b9b2df26c2f5b0fdc53f6a383b8f916c40d2cb27ab797fd78","fallback-reachability","container-inventoried","","","not-extracted-dx9-scope","unaudited","pending"
"shaders/pixel/nvfp2/FFXNetherBlur.bls","pixel","nvfp2","FFXNetherBlur","884","9874af1adb4f203675d12c7798fb80c8ed57a48b87157838ddac0cc39728937f","fallback-reachability","container-inventoried","","","not-extracted-dx9-scope","unaudited","pending"
"shaders/pixel/nvfp2/FFXNetherCombine.bls","pixel","nvfp2","FFXNetherCombine","944","7c629f6d06b9c03a7c74f8c02b032c9e1535cb9feef01ec4fe9dcaba287b314b","fallback-reachability","container-inventoried","","","not-extracted-dx9-scope","unaudited","pending"
"shaders/pixel/nvfp2/FFXPropagateFog.bls","pixel","nvfp2","FFXPropagateFog","1020","1ec0af3e6b29c2695914f6582197a1760351c6b56735ffb7a96f6e4a3ebba247","fallback-reachability","container-inventoried","","","not-extracted-dx9-scope","unaudited","pending"
"shaders/pixel/nvfp2/FFXQuad.bls","pixel","nvfp2","FFXQuad","416","42a286dd023b9869b6a76a687a3946a3a54960a5141e3f0aa427a3254e23a49c","fallback-reachability","container-inventoried","","","not-extracted-dx9-scope","unaudited","pending"
"shaders/pixel/nvfp2/MapObjComposite.bls","pixel","nvfp2","MapObjComposite","41144","b12389ad700069c02f8f44c6e9917b50af401df249a2205436a58caeb3bef926","fallback-reachability","container-inventoried","","","not-extracted-dx9-scope","unaudited","pending"
"shaders/pixel/nvfp2/MapObjDiffuse.bls","pixel","nvfp2","MapObjDiffuse","39280","4008b7051977a3e2e6b75972de706917474b7271f9ae448fa97f55800893629d","fallback-reachability","container-inventoried","","","not-extracted-dx9-scope","unaudited","pending"
"shaders/pixel/nvfp2/MapObjEnv.bls","pixel","nvfp2","MapObjEnv","40668","5702c7bc933c3a59ffeaaf05c934dcb28c37df1e48495190e2279037df368285","fallback-reachability","container-inventoried","","","not-extracted-dx9-scope","unaudited","pending"
"shaders/pixel/nvfp2/MapObjEnvMetal.bls","pixel","nvfp2","MapObjEnvMetal","41068","ec37a1505789b223fd4d370bca94520ae38942b2acb07a990654e85571d85c85","fallback-reachability","container-inventoried","","","not-extracted-dx9-scope","unaudited","pending"
"shaders/pixel/nvfp2/MapObjMetal.bls","pixel","nvfp2","MapObjMetal","39568","7bab6d79df6f917d70efd9ae8b8437890dc0640ee3c6864865a4c7c6971062b1","fallback-reachability","container-inventoried","","","not-extracted-dx9-scope","unaudited","pending"
"shaders/pixel/nvfp2/MapObjOpaque.bls","pixel","nvfp2","MapObjOpaque","39568","7bab6d79df6f917d70efd9ae8b8437890dc0640ee3c6864865a4c7c6971062b1","fallback-reachability","container-inventoried","","","not-extracted-dx9-scope","unaudited","pending"
"shaders/pixel/nvfp2/MapObjSpecular.bls","pixel","nvfp2","MapObjSpecular","39568","7bab6d79df6f917d70efd9ae8b8437890dc0640ee3c6864865a4c7c6971062b1","fallback-reachability","container-inventoried","","","not-extracted-dx9-scope","unaudited","pending"
"shaders/pixel/nvfp2/psLiquidMagma.bls","pixel","nvfp2","psLiquidMagma","296","d3703f60089c0b2f53c0f4edbf662d07b2e7f3c4aac195476545cda5f94c90cc","fallback-reachability","container-inventoried","","","not-extracted-dx9-scope","unaudited","pending"
"shaders/pixel/nvfp2/psLiquidProcWater_Editor.bls","pixel","nvfp2","psLiquidProcWater_Editor","1940","ee897f5ed686ae440420558772444f71857d1be24b8d3d80d3fe036aa5efc143","fallback-reachability","container-inventoried","","","not-extracted-dx9-scope","unaudited","pending"
"shaders/pixel/nvfp2/psLiquidProcWater.bls","pixel","nvfp2","psLiquidProcWater","1940","937cea7b5a907f6a71fcbaef9ec2ab57f2ba370051d638a08c19004e9eee969e","fallback-reachability","container-inventoried","","","not-extracted-dx9-scope","unaudited","pending"
"shaders/pixel/nvfp2/psLiquidWater.bls","pixel","nvfp2","psLiquidWater","488","6d5e7025dd3a8715d680133132f2032d1ccfba122aaf7a3bf65db9526d890801","fallback-reachability","container-inventoried","","","not-extracted-dx9-scope","unaudited","pending"
"shaders/pixel/nvfp2/psLiquidWaterNoSpec.bls","pixel","nvfp2","psLiquidWaterNoSpec","352","c1b883b2042fad45b9befdd11a0b4d88465dca014ae2e053973bad553275bcdc","fallback-reachability","container-inventoried","","","not-extracted-dx9-scope","unaudited","pending"
"shaders/pixel/nvfp2/ShadowMapSL.bls","pixel","nvfp2","ShadowMapSL","5100","56ae19f679304f65109b5135b0779f3e78d75fd20f4bfef283c7ff82da661035","fallback-reachability","container-inventoried","","","not-extracted-dx9-scope","unaudited","pending"
"shaders/pixel/nvfp2/Terrain0_env.bls","pixel","nvfp2","Terrain0_env","628","fcb512fb54763aecf6f2206f96b4d2fab1b496257f50c0b786111d545192274e","fallback-reachability","container-inventoried","","","not-extracted-dx9-scope","unaudited","pending"
"shaders/pixel/nvfp2/Terrain0.bls","pixel","nvfp2","Terrain0","1788","90810ad12b17f9737db38fef4e7245981c2b535d7b8dc80a38ca26c2ba1ccc34","fallback-reachability","container-inventoried","","","not-extracted-dx9-scope","unaudited","pending"
"shaders/pixel/nvfp2/Terrain1.bls","pixel","nvfp2","Terrain1","25972","1bfa977a7c937550408d1337043ef3399c2ca30ee69f7ee531cfec3c6a8702b3","fallback-reachability","container-inventoried","","","not-extracted-dx9-scope","unaudited","pending"
"shaders/pixel/nvfp2/Terrain2_pcf.bls","pixel","nvfp2","Terrain2_pcf","54804","4ba1472dd770fb388ace36e38da041e6666bcfb51335bd5bbd5e5a042bbd574f","fallback-reachability","container-inventoried","","","not-extracted-dx9-scope","unaudited","pending"
"shaders/pixel/nvfp2/Terrain2.bls","pixel","nvfp2","Terrain2","51080","509ccd206b8bf5c1e9194bbfdebc3762e2a39fcd4d669322c92f4720959002b8","fallback-reachability","container-inventoried","","","not-extracted-dx9-scope","unaudited","pending"
"shaders/pixel/nvfp2/Terrain3_pcf.bls","pixel","nvfp2","Terrain3_pcf","333472","fb2a466c09dec97d75fef31305cc826e4b8e27a575bccdba579d2a6cc155d5e0","fallback-reachability","container-inventoried","","","not-extracted-dx9-scope","unaudited","pending"
"shaders/pixel/nvfp2/Terrain3.bls","pixel","nvfp2","Terrain3","303352","5196f04a8fbcefeaf00fdf3a7727135becd354c9607a8785d37d87cb4f05dc42","fallback-reachability","container-inventoried","","","not-extracted-dx9-scope","unaudited","pending"
"shaders/pixel/nvfp2/TerrainSM.bls","pixel","nvfp2","TerrainSM","320","196a6dbd19f0403431810e5c48399ba82f2dd268c5a1926387e88a0dd95f40a3","fallback-reachability","container-inventoried","","","not-extracted-dx9-scope","unaudited","pending"
"shaders/pixel/nvfp2/UI.bls","pixel","nvfp2","UI","220","fcff0cf0637340c7f9135fe8b540bd27111c5e977bee16d4dc5ee318b01228d5","fallback-reachability","container-inventoried","","","not-extracted-dx9-scope","unaudited","pending"
"shaders/pixel/nvfp2/WaterRipples.bls","pixel","nvfp2","WaterRipples","240","029182d807bd9c06981c7c3f10a71943383d646f249002d055d697fc399fc0df","fallback-reachability","container-inventoried","","","not-extracted-dx9-scope","unaudited","pending"
"shaders/pixel/nvrc/Desaturate.bls","pixel","nvrc","Desaturate","1584","8e930e4562abec5d74bab17b955f635c73ab42eb22ea94ec3ec56429312c62cf","fallback-reachability","container-inventoried","","","not-extracted-dx9-scope","unaudited","pending"
"shaders/pixel/nvrc/FFXDeath_nvrc.bls","pixel","nvrc","FFXDeath_nvrc","1584","788c49271d10c794e2e369bf88fa05c3fe9b169b2e176646d6eda5999d068c1d","fallback-reachability","container-inventoried","","","not-extracted-dx9-scope","unaudited","pending"
"shaders/pixel/nvts/Combiners_Add_Add.bls","pixel","nvts","Combiners_Add_Add","26252","61ef7ac3eb4c18024107e087ec8e7c604bd8c90f17e47ddda3eef1efa076cc48","fallback-reachability","container-inventoried","","","not-extracted-dx9-scope","unaudited","pending"
"shaders/pixel/nvts/Combiners_Add_Mod.bls","pixel","nvts","Combiners_Add_Mod","26252","28d891bb44a059f10508319ca393e518e78a48faeb228a9750ef705ce18742b5","fallback-reachability","container-inventoried","","","not-extracted-dx9-scope","unaudited","pending"
"shaders/pixel/nvts/Combiners_Add_Mod2x.bls","pixel","nvts","Combiners_Add_Mod2x","26252","37025f16cfd437cce41013e6ee2a67db9f5f2d89c343aeb482bfca9a86bb2a73","fallback-reachability","container-inventoried","","","not-extracted-dx9-scope","unaudited","pending"
"shaders/pixel/nvts/Combiners_Add_Opaque.bls","pixel","nvts","Combiners_Add_Opaque","26252","8c4dc84e8e27a7a0b78fbfadbb89f234400abb0720ecb70bea564c71ff085080","fallback-reachability","container-inventoried","","","not-extracted-dx9-scope","unaudited","pending"
"shaders/pixel/nvts/Combiners_Add.bls","pixel","nvts","Combiners_Add","26252","3515efc94fd5fc344c927b81201862ac441a4ccb7177ab58c05e490df4f70d88","fallback-reachability","container-inventoried","","","not-extracted-dx9-scope","unaudited","pending"
"shaders/pixel/nvts/Combiners_Decal.bls","pixel","nvts","Combiners_Decal","26252","a273dfa6451283a05b484ca383272fce0e0f324728eb080704d166a1a6e3e95c","fallback-reachability","container-inventoried","","","not-extracted-dx9-scope","unaudited","pending"
"shaders/pixel/nvts/Combiners_Fade.bls","pixel","nvts","Combiners_Fade","26252","0b02560ff2249b3624f7f0bc2d79c61efd15b218ad7ff94666ac648c07a1383e","fallback-reachability","container-inventoried","","","not-extracted-dx9-scope","unaudited","pending"
"shaders/pixel/nvts/Combiners_Mod_Add.bls","pixel","nvts","Combiners_Mod_Add","26252","13b00416eb08bc1be0f63cd6478c0a1874e17d60a6a0eada2067b83b46796750","fallback-reachability","container-inventoried","","","not-extracted-dx9-scope","unaudited","pending"
"shaders/pixel/nvts/Combiners_Mod_AddNA.bls","pixel","nvts","Combiners_Mod_AddNA","26252","ed7250304c34243cb3a259f4f10695f0c27a2a2690205a5a8cfd8e1a6188b0f3","fallback-reachability","container-inventoried","","","not-extracted-dx9-scope","unaudited","pending"
"shaders/pixel/nvts/Combiners_Mod_Mod.bls","pixel","nvts","Combiners_Mod_Mod","26252","45193fde23ba93886256abc7489b680bc8b6d962ced14c30bc3e677bbcf2e206","fallback-reachability","container-inventoried","","","not-extracted-dx9-scope","unaudited","pending"
"shaders/pixel/nvts/Combiners_Mod_Mod2x.bls","pixel","nvts","Combiners_Mod_Mod2x","26252","2bc07cc26e9e33ef428183c0953249d35615efedfdc6638d217cc1eed89cb231","fallback-reachability","container-inventoried","","","not-extracted-dx9-scope","unaudited","pending"
"shaders/pixel/nvts/Combiners_Mod_Mod2xNA.bls","pixel","nvts","Combiners_Mod_Mod2xNA","26252","884dde54249eee0a2e3858fe00252b43fc3ad228b64282bba1ba63bb9a4b3af6","fallback-reachability","container-inventoried","","","not-extracted-dx9-scope","unaudited","pending"
"shaders/pixel/nvts/Combiners_Mod_Opaque.bls","pixel","nvts","Combiners_Mod_Opaque","26252","2a218bea577ee7ba2f116c52383357421bec413165cb83012cb08b335ae3361a","fallback-reachability","container-inventoried","","","not-extracted-dx9-scope","unaudited","pending"
"shaders/pixel/nvts/Combiners_Mod.bls","pixel","nvts","Combiners_Mod","26252","3d1c4407fa122f274432b558173c018aa649fd2c9dd304926a77cd9bb917ef78","fallback-reachability","container-inventoried","","","not-extracted-dx9-scope","unaudited","pending"
"shaders/pixel/nvts/Combiners_Mod2x_Add.bls","pixel","nvts","Combiners_Mod2x_Add","26252","7aa359928ea0d61cfeb2e1e00bf218a3c40a6eb7105bf6c742664801dbb6269d","fallback-reachability","container-inventoried","","","not-extracted-dx9-scope","unaudited","pending"
"shaders/pixel/nvts/Combiners_Mod2x_Mod2x.bls","pixel","nvts","Combiners_Mod2x_Mod2x","26252","660feda752850550db534d5380a4106a918c7ea57383816ffd20ed82e11cc110","fallback-reachability","container-inventoried","","","not-extracted-dx9-scope","unaudited","pending"
"shaders/pixel/nvts/Combiners_Mod2x_Opaque.bls","pixel","nvts","Combiners_Mod2x_Opaque","26252","fc83f1ac135c46354de8946d258233d31644ee7e62270c598619d0112ba61d21","fallback-reachability","container-inventoried","","","not-extracted-dx9-scope","unaudited","pending"
"shaders/pixel/nvts/Combiners_Mod2x.bls","pixel","nvts","Combiners_Mod2x","26252","e151a6525b5583873b75ecad708bd9d78106a7ae320df4a070900c07b49708c2","fallback-reachability","container-inventoried","","","not-extracted-dx9-scope","unaudited","pending"
"shaders/pixel/nvts/Combiners_Opaque_Add.bls","pixel","nvts","Combiners_Opaque_Add","26252","84c0219e1ba2e58fdfcffe94e2e6ade64586399a278e22631405b4941dec7d2e","fallback-reachability","container-inventoried","","","not-extracted-dx9-scope","unaudited","pending"
"shaders/pixel/nvts/Combiners_Opaque_AddAlpha_Alpha.bls","pixel","nvts","Combiners_Opaque_AddAlpha_Alpha","26252","c7d7e6a7aa3f4d832a01b383fbf10a8c98ef4bcdec9d9c16b40ae0c4ff20e7ce","fallback-reachability","container-inventoried","","","not-extracted-dx9-scope","unaudited","pending"
"shaders/pixel/nvts/Combiners_Opaque_AddAlpha.bls","pixel","nvts","Combiners_Opaque_AddAlpha","26252","0aa42804171364152802923d6edca9f205c51106989469bc8f514191cd65970b","fallback-reachability","container-inventoried","","","not-extracted-dx9-scope","unaudited","pending"
"shaders/pixel/nvts/Combiners_Opaque_AddNA.bls","pixel","nvts","Combiners_Opaque_AddNA","26252","d56831c35039ea0ee03154b6a613170c56998fb7bb5bb8e012ac56399865cccd","fallback-reachability","container-inventoried","","","not-extracted-dx9-scope","unaudited","pending"
"shaders/pixel/nvts/Combiners_Opaque_Mod.bls","pixel","nvts","Combiners_Opaque_Mod","26252","bbb3952b7f5c130d7152f1fdfc048adc67352596992374dec1fb24b4621387d0","fallback-reachability","container-inventoried","","","not-extracted-dx9-scope","unaudited","pending"
"shaders/pixel/nvts/Combiners_Opaque_Mod2x.bls","pixel","nvts","Combiners_Opaque_Mod2x","26252","ab431d40bfd457391788ece2c2f89d69ad56ca8a69c4764898671bd44f4c70d7","fallback-reachability","container-inventoried","","","not-extracted-dx9-scope","unaudited","pending"
"shaders/pixel/nvts/Combiners_Opaque_Mod2xNA_Alpha.bls","pixel","nvts","Combiners_Opaque_Mod2xNA_Alpha","26252","a01261ce2f30cc52662c5fa8b14dea7a71a66ad6fb254b8d552547cc76f118a8","fallback-reachability","container-inventoried","","","not-extracted-dx9-scope","unaudited","pending"
"shaders/pixel/nvts/Combiners_Opaque_Mod2xNA.bls","pixel","nvts","Combiners_Opaque_Mod2xNA","26252","153c3e47f94025e7ec15c0d35855b0b0c48015acb84bd3a3e218649965ae3015","fallback-reachability","container-inventoried","","","not-extracted-dx9-scope","unaudited","pending"
"shaders/pixel/nvts/Combiners_Opaque_Opaque.bls","pixel","nvts","Combiners_Opaque_Opaque","26252","cb5c9d4bc9a10649de96981d1c9b8c7b1588a50ebbd6b3bd24e9746fdc353a71","fallback-reachability","container-inventoried","","","not-extracted-dx9-scope","unaudited","pending"
"shaders/pixel/nvts/Combiners_Opaque.bls","pixel","nvts","Combiners_Opaque","26252","665ba128697576b77bea0b1375c15cd52d13fd7167f96a1e37cc8a7c4b310758","fallback-reachability","container-inventoried","","","not-extracted-dx9-scope","unaudited","pending"
"shaders/pixel/nvts/Desaturate.bls","pixel","nvts","Desaturate","1652","a01ca63778f4335184decbd2c0b5d22ba7c94a14bdb263c46578e4b8cc5ce4a2","fallback-reachability","container-inventoried","","","not-extracted-dx9-scope","unaudited","pending"
"shaders/pixel/nvts/DetailDoodad.bls","pixel","nvts","DetailDoodad","13132","b02e756f951fc3ab415770a9e3d0d207788e318ccef269fbe15092bea9f5a46e","fallback-reachability","container-inventoried","","","not-extracted-dx9-scope","unaudited","pending"
"shaders/pixel/nvts/FFXBox4.bls","pixel","nvts","FFXBox4","3292","17b3c7c56c8744fb2870f665df01eaa14471df411f54c9f29a3d4c1a426a7db0","fallback-reachability","container-inventoried","","","not-extracted-dx9-scope","unaudited","pending"
"shaders/pixel/nvts/FFXDeath_nvts_2d.bls","pixel","nvts","FFXDeath_nvts_2d","1652","2eb4bdca65fac84cf07b33afe8dc0fad9d32ca62b1e9a775cfcbbf1e5d9240d7","fallback-reachability","container-inventoried","","","not-extracted-dx9-scope","unaudited","pending"
"shaders/pixel/nvts/FFXDeath_nvts_rect.bls","pixel","nvts","FFXDeath_nvts_rect","1652","a5ee2d6079e055e764ee37409988903a3411dc2123536c5ada368208b29e6026","fallback-reachability","container-inventoried","","","not-extracted-dx9-scope","unaudited","pending"
"shaders/pixel/nvts/FFXDeath.bls","pixel","nvts","FFXDeath","3292","5dfa9f5ca17c3cdd178219a7f1caba23b0cffa34a7643cc629fe01c6ec3e0994","fallback-reachability","container-inventoried","","","not-extracted-dx9-scope","unaudited","pending"
"shaders/pixel/nvts/FFXFogCombine.bls","pixel","nvts","FFXFogCombine","3292","229f9da6dd31cda77d705bc8af8aa94bc9850233afc0943bc4d7c80b917d11aa","fallback-reachability","container-inventoried","","","not-extracted-dx9-scope","unaudited","pending"
"shaders/pixel/nvts/FFXGauss4.bls","pixel","nvts","FFXGauss4","3292","b99f0465b428b59a12fbe632a78799de46df3718288148cf0c32f68148b0c785","fallback-reachability","container-inventoried","","","not-extracted-dx9-scope","unaudited","pending"
"shaders/pixel/nvts/FFXGlow.bls","pixel","nvts","FFXGlow","3292","fb8e49046afc71c06b0d3791a38d89dae1772420346009ded37f6e8fd19ee81c","fallback-reachability","container-inventoried","","","not-extracted-dx9-scope","unaudited","pending"
"shaders/pixel/nvts/FFXGlowWave.bls","pixel","nvts","FFXGlowWave","6572","964707a0d2cef7700eb6d60e0888418432e6e71d6da8201487f6bf51a817f105","fallback-reachability","container-inventoried","","","not-extracted-dx9-scope","unaudited","pending"
"shaders/pixel/nvts/FFXNetherBlur.bls","pixel","nvts","FFXNetherBlur","3292","7b41516fd7ba766be8033c5b6e79f3111f54728fa938b61209da2e26b3701b86","fallback-reachability","container-inventoried","","","not-extracted-dx9-scope","unaudited","pending"
"shaders/pixel/nvts/FFXNetherCombine.bls","pixel","nvts","FFXNetherCombine","3292","056d2827b80aa312482fd19fdd80165685ca21f52fc246bbefead312d9a12190","fallback-reachability","container-inventoried","","","not-extracted-dx9-scope","unaudited","pending"
"shaders/pixel/nvts/FFXPropagateFog.bls","pixel","nvts","FFXPropagateFog","3292","3480265997d0f43e16e3c527ccbbf0ef901788a666d821f576eafcd6bf442069","fallback-reachability","container-inventoried","","","not-extracted-dx9-scope","unaudited","pending"
"shaders/pixel/nvts/MapObjComposite_V.bls","pixel","nvts","MapObjComposite_V","0","e3b0c44298fc1c149afbf4c8996fb92427ae41e4649b934ca495991b7852b855","fallback-reachability","empty-file","","","not-extracted-dx9-scope","unaudited","pending"
"shaders/pixel/nvts/MapObjComposite.bls","pixel","nvts","MapObjComposite","26252","66104f2468a730e8ddcd68040ac0f66c1ec0ed44dac58f6d8a9d2e906e6c6331","fallback-reachability","container-inventoried","","","not-extracted-dx9-scope","unaudited","pending"
"shaders/pixel/nvts/MapObjDiffuse.bls","pixel","nvts","MapObjDiffuse","26252","04a7f25e6164521f84d8a52d2064208bf8e169708afe2cb839aaa1c4c6ca7685","fallback-reachability","container-inventoried","","","not-extracted-dx9-scope","unaudited","pending"
"shaders/pixel/nvts/MapObjEnv.bls","pixel","nvts","MapObjEnv","26252","c5d74a169283b782a326337cd8718010524311885c56f6915a8d855e0eddbc6e","fallback-reachability","container-inventoried","","","not-extracted-dx9-scope","unaudited","pending"
"shaders/pixel/nvts/MapObjEnvMetal.bls","pixel","nvts","MapObjEnvMetal","26252","14af57244262f89fddb1ef907403522ab56c45230f74c95cf2c94a335e99355a","fallback-reachability","container-inventoried","","","not-extracted-dx9-scope","unaudited","pending"
"shaders/pixel/nvts/MapObjMetal.bls","pixel","nvts","MapObjMetal","26252","364fae7bc4b14d44071a8dc2fcc203a1877d13e6d2bbb7b06855555c713b8272","fallback-reachability","container-inventoried","","","not-extracted-dx9-scope","unaudited","pending"
"shaders/pixel/nvts/MapObjOpaque.bls","pixel","nvts","MapObjOpaque","26252","364fae7bc4b14d44071a8dc2fcc203a1877d13e6d2bbb7b06855555c713b8272","fallback-reachability","container-inventoried","","","not-extracted-dx9-scope","unaudited","pending"
"shaders/pixel/nvts/MapObjSpecular.bls","pixel","nvts","MapObjSpecular","26252","364fae7bc4b14d44071a8dc2fcc203a1877d13e6d2bbb7b06855555c713b8272","fallback-reachability","container-inventoried","","","not-extracted-dx9-scope","unaudited","pending"
"shaders/pixel/nvts/psLiquidMagma.bls","pixel","nvts","psLiquidMagma","1652","512670be3b185f1a1b3f91abc6bb6afec9fcc27f0fdfab79ee5d8a46a3cd10fb","fallback-reachability","container-inventoried","","","not-extracted-dx9-scope","unaudited","pending"
"shaders/pixel/nvts/psLiquidWater.bls","pixel","nvts","psLiquidWater","1652","df01df1a38a354406313a101e5aac92b9f9cf8bf20fe1c68ff4bf2d8f28ffdf1","fallback-reachability","container-inventoried","","","not-extracted-dx9-scope","unaudited","pending"
"shaders/pixel/nvts/psLiquidWaterNoSpec.bls","pixel","nvts","psLiquidWaterNoSpec","1652","dc2d058775bbaec992a41363dd70a13a51dd471c0cf9403c1dfd82395c4ef95d","fallback-reachability","container-inventoried","","","not-extracted-dx9-scope","unaudited","pending"
"shaders/pixel/nvts/ShadowMap.bls","pixel","nvts","ShadowMap","0","e3b0c44298fc1c149afbf4c8996fb92427ae41e4649b934ca495991b7852b855","fallback-reachability","empty-file","","","not-extracted-dx9-scope","unaudited","pending"
"shaders/pixel/nvts/Terrain0_env.bls","pixel","nvts","Terrain0_env","1652","202f08f2bf7d1aa9cc981ddec63db9766a352e94e94896789d7424aec79bdfb1","fallback-reachability","container-inventoried","","","not-extracted-dx9-scope","unaudited","pending"
"shaders/pixel/nvts/Terrain0.bls","pixel","nvts","Terrain0","4932","5d622c737a32f29d26f667f97ac013fa2df4d3c25d5751460d3f53ec063df9a7","fallback-reachability","container-inventoried","","","not-extracted-dx9-scope","unaudited","pending"
"shaders/pixel/nvts/Terrain1.bls","pixel","nvts","Terrain1","6572","56c9b140f62137393a9183c1dc9e33e6231eb51b9a706ad015293e5c2f434d97","fallback-reachability","container-inventoried","","","not-extracted-dx9-scope","unaudited","pending"
"shaders/pixel/nvts/Terrain1w.bls","pixel","nvts","Terrain1w","6572","50f63092d20783eb83b9e8231639600c16022e6b4e7581000ea5f7c339fa663c","fallback-reachability","container-inventoried","","","not-extracted-dx9-scope","unaudited","pending"
"shaders/pixel/nvts/UI.bls","pixel","nvts","UI","1652","79328a36c2ffb7edcc9fb1cedb065380bd1e8fdd6c72176f2b607e9a1d8c44e9","fallback-reachability","container-inventoried","","","not-extracted-dx9-scope","unaudited","pending"
"shaders/pixel/nvts/WaterRipples.bls","pixel","nvts","WaterRipples","1652","ef07f8163a0cce5ec543d23225d9321d245c527ba3bf6ac3b08f5fd97b2cc184","fallback-reachability","container-inventoried","","","not-extracted-dx9-scope","unaudited","pending"
"shaders/pixel/ps_1_1/Combiners_Add_Add.bls","pixel","ps_1_1","Combiners_Add_Add","1676","69aa731996c5fd52048038b47127f1e134e6c82ac17b6f8eacf75ae14af808e6","fallback-reachability","parsed","16","1","assembly-cached","unaudited","pending"
"shaders/pixel/ps_1_1/Combiners_Add_Mod.bls","pixel","ps_1_1","Combiners_Add_Mod","1740","a4b28bdb03891ff56d41e9e7ec8060efc8b9b980b925edf4892e0b5748f2ba7b","fallback-reachability","parsed","16","1","assembly-cached","unaudited","pending"
"shaders/pixel/ps_1_1/Combiners_Add_Mod2x.bls","pixel","ps_1_1","Combiners_Add_Mod2x","1932","7fbf805477369fe90569f242aa10afc966862c77fdd31a1166e5ff4364c52468","fallback-reachability","parsed","16","1","assembly-cached","unaudited","pending"
"shaders/pixel/ps_1_1/Combiners_Add_Opaque.bls","pixel","ps_1_1","Combiners_Add_Opaque","1484","fe49f256a5cbb8a7bd1e0c033e4b668945e8a0a18c81062f7f3cae9fcc19a97e","fallback-reachability","parsed","16","1","assembly-cached","unaudited","pending"
"shaders/pixel/ps_1_1/Combiners_Add.bls","pixel","ps_1_1","Combiners_Add","1036","ad16d92936003102083047c14ec814569e92eeb8fef17419d8d480b6665db30a","fallback-reachability","parsed","16","1","assembly-cached","unaudited","pending"
"shaders/pixel/ps_1_1/Combiners_Decal.bls","pixel","ps_1_1","Combiners_Decal","1036","8b80442f3325d2ff29ffd3a5bacfeeedd08d4689a0a1257345d24919d65797a2","fallback-reachability","parsed","16","1","assembly-cached","unaudited","pending"
"shaders/pixel/ps_1_1/Combiners_Fade.bls","pixel","ps_1_1","Combiners_Fade","1036","7f771511ea0af32e34db5bc611b17340b7dea78341b8f9fe8bbb3bf94877d744","fallback-reachability","parsed","16","1","assembly-cached","unaudited","pending"
"shaders/pixel/ps_1_1/Combiners_Mod_Add.bls","pixel","ps_1_1","Combiners_Mod_Add","1292","85d7908cf1a8cd46210dbe8ca792063b0d32ea8a1dda9349eda1ba6434b80e19","fallback-reachability","parsed","16","1","assembly-cached","unaudited","pending"
"shaders/pixel/ps_1_1/Combiners_Mod_AddNA.bls","pixel","ps_1_1","Combiners_Mod_AddNA","1228","56c7be35e9ef249e40775eea79612c8ad233d6c782733cb5c0fca0013ce8b5cb","fallback-reachability","parsed","16","1","assembly-cached","unaudited","pending"
"shaders/pixel/ps_1_1/Combiners_Mod_Mod.bls","pixel","ps_1_1","Combiners_Mod_Mod","1676","b14b7fff861f2d071e62f160e427d52389ba60703ac8bd9e084bc0c53cb3d5d4","fallback-reachability","parsed","16","1","assembly-cached","unaudited","pending"
"shaders/pixel/ps_1_1/Combiners_Mod_Mod2x.bls","pixel","ps_1_1","Combiners_Mod_Mod2x","1676","f73b8575dc6e635fd3c7b4731abd5f5c10ebb59b0dca58a83f263b3fc16c1994","fallback-reachability","parsed","16","1","assembly-cached","unaudited","pending"
"shaders/pixel/ps_1_1/Combiners_Mod_Mod2xNA.bls","pixel","ps_1_1","Combiners_Mod_Mod2xNA","1420","937ffb00e85fc9a231f55c59cd2760912eba73e3bbeaf6f33250d271e8f6b61e","fallback-reachability","parsed","16","1","assembly-cached","unaudited","pending"
"shaders/pixel/ps_1_1/Combiners_Mod_Opaque.bls","pixel","ps_1_1","Combiners_Mod_Opaque","1420","cde510743d60b8f119629600a874cffe28ae4473f8e9e02743616f4a87539662","fallback-reachability","parsed","16","1","assembly-cached","unaudited","pending"
"shaders/pixel/ps_1_1/Combiners_Mod.bls","pixel","ps_1_1","Combiners_Mod","1036","6f36eba7462b46989670352492c97f6a7776a26edf296f8b9aad00dd16bfd13c","fallback-reachability","parsed","16","1","assembly-cached","unaudited","pending"
"shaders/pixel/ps_1_1/Combiners_Mod2x_Add.bls","pixel","ps_1_1","Combiners_Mod2x_Add","1676","249ee12afebbff52147a660123d00e3d11eac8bd85a6b25262e8f9ce6afd1ab7","fallback-reachability","parsed","16","1","assembly-cached","unaudited","pending"
"shaders/pixel/ps_1_1/Combiners_Mod2x_Mod2x.bls","pixel","ps_1_1","Combiners_Mod2x_Mod2x","1676","f334b30e454201c93a240e30e9a8202d8b7be1680907d7a4a05a401288fa3a31","fallback-reachability","parsed","16","1","assembly-cached","unaudited","pending"
"shaders/pixel/ps_1_1/Combiners_Mod2x_Opaque.bls","pixel","ps_1_1","Combiners_Mod2x_Opaque","1420","dcaf2143b06e4d70780e9b4859371d8f3afaeadd075669855405b1ca3723c18f","fallback-reachability","parsed","16","1","assembly-cached","unaudited","pending"
"shaders/pixel/ps_1_1/Combiners_Mod2x.bls","pixel","ps_1_1","Combiners_Mod2x","1036","53d63d8b5871a49e2e858efc1195213148529771adf17cdff4d7d1287a2bcba3","fallback-reachability","parsed","16","1","assembly-cached","unaudited","pending"
"shaders/pixel/ps_1_1/Combiners_Opaque_Add.bls","pixel","ps_1_1","Combiners_Opaque_Add","1228","3cac7ea12d1b0b4524378e139873b521fce55f8f2ceebfef25f36393e1654766","fallback-reachability","parsed","16","1","assembly-cached","unaudited","pending"
"shaders/pixel/ps_1_1/Combiners_Opaque_AddAlpha_Alpha.bls","pixel","ps_1_1","Combiners_Opaque_AddAlpha_Alpha","1740","670cc0c389dcad51aa2241286284b23fce6d7495b22b8db46753e3558cff79b6","fallback-reachability","parsed","16","1","assembly-cached","unaudited","pending"
"shaders/pixel/ps_1_1/Combiners_Opaque_AddAlpha.bls","pixel","ps_1_1","Combiners_Opaque_AddAlpha","1420","5433ed3909faab7b56aa0b39105ec0b088ce20c8be2cbd8082972f792482df5c","fallback-reachability","parsed","16","1","assembly-cached","unaudited","pending"
"shaders/pixel/ps_1_1/Combiners_Opaque_AddNA.bls","pixel","ps_1_1","Combiners_Opaque_AddNA","1164","3872674e63a8c2cf1cd4edca7debf2b350173aba19f56281b89f09dc91d4bb2d","fallback-reachability","parsed","16","1","assembly-cached","unaudited","pending"
"shaders/pixel/ps_1_1/Combiners_Opaque_Mod.bls","pixel","ps_1_1","Combiners_Opaque_Mod","1420","427733d09de956870c324846b5c4340713cfaee0320a43e9e8a0a4d45eeac16c","fallback-reachability","parsed","16","1","assembly-cached","unaudited","pending"
"shaders/pixel/ps_1_1/Combiners_Opaque_Mod2x.bls","pixel","ps_1_1","Combiners_Opaque_Mod2x","1420","88f091a9bd1ee24886015b191e6abd8b19116a50c89aaa4ed5265d6751323dac","fallback-reachability","parsed","16","1","assembly-cached","unaudited","pending"
"shaders/pixel/ps_1_1/Combiners_Opaque_Mod2xNA_Alpha.bls","pixel","ps_1_1","Combiners_Opaque_Mod2xNA_Alpha","1676","c93cf373e76efbd6c14ac7e42e90e74cecaaa91de68dcc54e63de19b155ecb69","fallback-reachability","parsed","16","1","assembly-cached","unaudited","pending"
"shaders/pixel/ps_1_1/Combiners_Opaque_Mod2xNA.bls","pixel","ps_1_1","Combiners_Opaque_Mod2xNA","1356","1be09e90ca5ff65a680bb104eaea60a6ed40445710a63454e7a59d1b3ad3f8ec","fallback-reachability","parsed","16","1","assembly-cached","unaudited","pending"
"shaders/pixel/ps_1_1/Combiners_Opaque_Opaque.bls","pixel","ps_1_1","Combiners_Opaque_Opaque","1356","ec2fbb304080e45daa0e6eb5fc5f541a878550c7e0adaab3a025f66cfe80e705","fallback-reachability","parsed","16","1","assembly-cached","unaudited","pending"
"shaders/pixel/ps_1_1/Combiners_Opaque.bls","pixel","ps_1_1","Combiners_Opaque","972","cf27bb15936669300c3f9ff954e9099116a5fbeb513b8714e0f39b75b13e372f","fallback-reachability","parsed","16","1","assembly-cached","unaudited","pending"
"shaders/pixel/ps_1_1/Desaturate.bls","pixel","ps_1_1","Desaturate","100","91fe42e209975f7d20d259e09374cefda60b6d7a58c49820e6fb17e2842a3477","fallback-reachability","parsed","1","1","assembly-cached","unaudited","pending"
"shaders/pixel/ps_1_1/DetailDoodad.bls","pixel","ps_1_1","DetailDoodad","1132","f96f4b2edb226e7c95ff5d814096014bb64d97e04ad3794e1cbdbbd938853712","fallback-reachability","parsed","8","1","assembly-cached","unaudited","pending"
"shaders/pixel/ps_1_1/FFXBox4.bls","pixel","ps_1_1","FFXBox4","348","47d3f36896cd4cade1a5de9502fae1a50d816515e44122a8b654644e38ce902c","fallback-reachability","parsed","2","1","assembly-cached","unaudited","pending"
"shaders/pixel/ps_1_1/FFXDeath.bls","pixel","ps_1_1","FFXDeath","340","46ff50a762f31799390c4999927b73224c6219614684a8cab710672ccf80104b","fallback-reachability","parsed","2","1","assembly-cached","unaudited","pending"
"shaders/pixel/ps_1_1/FFXFogCombine.bls","pixel","ps_1_1","FFXFogCombine","364","b3510b43f3cb9be9b9662e9b63687214e24d45a99d66ff1b55d22a54905805ae","fallback-reachability","parsed","2","1","assembly-cached","unaudited","pending"
"shaders/pixel/ps_1_1/FFXGauss4.bls","pixel","ps_1_1","FFXGauss4","372","1d6b236c4d0a820c6a866c04a10ce2e0251c594f6038a992c859945c7b4df044","fallback-reachability","parsed","2","1","assembly-cached","unaudited","pending"
"shaders/pixel/ps_1_1/FFXGlow.bls","pixel","ps_1_1","FFXGlow","308","97f2cd61634b8a909fe2299843934be814773a1200a8b88a4769445deacafd91","fallback-reachability","parsed","2","1","assembly-cached","unaudited","pending"
"shaders/pixel/ps_1_1/FFXGlowWave.bls","pixel","ps_1_1","FFXGlowWave","732","8f9bfe3cae0d7c103f3ed538382a16caa6d4076df5a8534ebb163ef5cc83986d","fallback-reachability","parsed","4","1","assembly-cached","unaudited","pending"
"shaders/pixel/ps_1_1/FFXNetherBlur.bls","pixel","ps_1_1","FFXNetherBlur","324","17fdae64549e9095eea5a387f0fa3089c266a3d1ff36abb3f73792361007064b","fallback-reachability","parsed","2","1","assembly-cached","unaudited","pending"
"shaders/pixel/ps_1_1/FFXNetherCombine.bls","pixel","ps_1_1","FFXNetherCombine","572","3ccf82e9005f88687b61ff692b1ef084501267eac107906ee8bf65161a85e897","fallback-reachability","parsed","2","1","assembly-cached","unaudited","pending"
"shaders/pixel/ps_1_1/FFXPropagateFog.bls","pixel","ps_1_1","FFXPropagateFog","468","b67e28e8e41b170326ddde0e7a95db6d2c0527b14a0237de4b15a9886c8a3017","fallback-reachability","parsed","2","1","assembly-cached","unaudited","pending"
"shaders/pixel/ps_1_1/MapObjComposite_V.bls","pixel","ps_1_1","MapObjComposite_V","0","e3b0c44298fc1c149afbf4c8996fb92427ae41e4649b934ca495991b7852b855","fallback-reachability","empty-file","0","0","assembly-cached","unaudited","pending"
"shaders/pixel/ps_1_1/MapObjComposite.bls","pixel","ps_1_1","MapObjComposite","1484","798af4e0253f1e81f4f934dc65d207bb6c2e665b8a4bc172a421b04683987d57","fallback-reachability","parsed","16","1","assembly-cached","unaudited","pending"
"shaders/pixel/ps_1_1/MapObjDiffuse.bls","pixel","ps_1_1","MapObjDiffuse","1036","eabcbc55078e3b0a9b694a3c5995591e8d8826a999e492f8fa7217d39c1fc8d7","fallback-reachability","parsed","16","1","assembly-cached","unaudited","pending"
"shaders/pixel/ps_1_1/MapObjEnv.bls","pixel","ps_1_1","MapObjEnv","1420","436048de1b1a7f946510d7bd7c2146eb47b1fd2ba65dec4875b50e21a07ea985","fallback-reachability","parsed","16","1","assembly-cached","unaudited","pending"
"shaders/pixel/ps_1_1/MapObjEnvMetal.bls","pixel","ps_1_1","MapObjEnvMetal","1676","527045247a39f130b42c6e6809edad65c8031083dc4ae3796c8da061d6c5fefd","fallback-reachability","parsed","16","1","assembly-cached","unaudited","pending"
"shaders/pixel/ps_1_1/MapObjMetal.bls","pixel","ps_1_1","MapObjMetal","972","ec2e9fd8671e3ffc06c8af9de8ee3e73b3e16444f606852e385010c8376a0093","fallback-reachability","parsed","16","1","assembly-cached","unaudited","pending"
"shaders/pixel/ps_1_1/MapObjOpaque.bls","pixel","ps_1_1","MapObjOpaque","972","ec2e9fd8671e3ffc06c8af9de8ee3e73b3e16444f606852e385010c8376a0093","fallback-reachability","parsed","16","1","assembly-cached","unaudited","pending"
"shaders/pixel/ps_1_1/MapObjSpecular.bls","pixel","ps_1_1","MapObjSpecular","972","ec2e9fd8671e3ffc06c8af9de8ee3e73b3e16444f606852e385010c8376a0093","fallback-reachability","parsed","16","1","assembly-cached","unaudited","pending"
"shaders/pixel/ps_1_1/psLiquidMagma.bls","pixel","ps_1_1","psLiquidMagma","96","5c85de70614c026f471c22838e93947069ac03246ff3094db2204fd4bd636ca5","fallback-reachability","parsed","1","1","assembly-cached","unaudited","pending"
"shaders/pixel/ps_1_1/psLiquidWater.bls","pixel","ps_1_1","psLiquidWater","156","bd9fba7c810d3b50d8699ebfee9ed4d30282270150319aaa9e23789a7bd0e75f","fallback-reachability","parsed","1","1","assembly-cached","unaudited","pending"
"shaders/pixel/ps_1_1/psLiquidWaterNoSpec.bls","pixel","ps_1_1","psLiquidWaterNoSpec","96","6d79200212c8051797942ea12d40b722842a553e07999d5a80beaf3cb20c2fc7","fallback-reachability","parsed","1","1","assembly-cached","unaudited","pending"
"shaders/pixel/ps_1_1/ShadowMap.bls","pixel","ps_1_1","ShadowMap","0","e3b0c44298fc1c149afbf4c8996fb92427ae41e4649b934ca495991b7852b855","fallback-reachability","empty-file","0","0","assembly-cached","unaudited","pending"
"shaders/pixel/ps_1_1/Terrain0_env.bls","pixel","ps_1_1","Terrain0_env","196","0d2a376e311355fad8ccf63e648c1c242449b86e5ae10a4b6367de0cdb8f1e4d","fallback-reachability","parsed","1","1","assembly-cached","unaudited","pending"
"shaders/pixel/ps_1_1/Terrain0.bls","pixel","ps_1_1","Terrain0","536","5e5fbbb7db107733edded55dbc179edc738b79577a34bf44962cb6ddec4e31f5","fallback-reachability","parsed","3","3","assembly-cached","unaudited","pending"
"shaders/pixel/ps_1_1/Terrain1.bls","pixel","ps_1_1","Terrain1","1316","130ec19134ce18c92116d587dc22810f72b269add26a1c24739237492410f7ed","fallback-reachability","parsed","6","3","assembly-cached","unaudited","pending"
"shaders/pixel/ps_1_1/Terrain1w.bls","pixel","ps_1_1","Terrain1w","1428","0137d20560289c42d2c316359cf72ab5bf467f298efbc846d0e1175afc323220","fallback-reachability","parsed","6","3","assembly-cached","unaudited","pending"
"shaders/pixel/ps_1_1/UI.bls","pixel","ps_1_1","UI","60","3a903750b2bd9b7431494457a54c47b5b81907d840715d264f8b1fcc47c66943","fallback-reachability","parsed","1","1","assembly-cached","unaudited","pending"
"shaders/pixel/ps_1_1/WaterRipples.bls","pixel","ps_1_1","WaterRipples","72","1914882f67aa8ef3a5f5428f2a32944f22451bb301e15487911e3a306915417b","fallback-reachability","parsed","1","1","assembly-cached","unaudited","pending"
"shaders/pixel/ps_1_4/Desaturate.bls","pixel","ps_1_4","Desaturate","104","0fa1c8b69851629dba565595f79797d438fae6a1fa71475c3fe15c221190c21e","fallback-reachability","parsed","1","1","assembly-cached","unaudited","pending"
"shaders/pixel/ps_1_4/FFXBox4.bls","pixel","ps_1_4","FFXBox4","380","463335e0760f3a5c0ffc34b1f610c1ba11b39453dabb2a4ffbbef5cc22156abc","fallback-reachability","parsed","2","1","assembly-cached","unaudited","pending"
"shaders/pixel/ps_1_4/FFXDeath.bls","pixel","ps_1_4","FFXDeath","356","8c632aeb95fcddec164e1bff648f646c73d827886230c213cbcafe1ed80b5ce6","fallback-reachability","parsed","2","1","assembly-cached","unaudited","pending"
"shaders/pixel/ps_1_4/FFXFogCombine.bls","pixel","ps_1_4","FFXFogCombine","380","c5cf02ec0219d10cf82f93b330ae0f93199e5aabcf31d4ade050700b24564158","fallback-reachability","parsed","2","1","assembly-cached","unaudited","pending"
"shaders/pixel/ps_1_4/FFXGauss4.bls","pixel","ps_1_4","FFXGauss4","404","926dd67e08f553898d2b32e623fcdb7898d0bc357df19ebcae66930f56a70bab","fallback-reachability","parsed","2","1","assembly-cached","unaudited","pending"
"shaders/pixel/ps_1_4/FFXGlow.bls","pixel","ps_1_4","FFXGlow","292","036290dccb587047113700a89ba019a1a9bbc0eac8319f5ed30e9f208af32987","fallback-reachability","parsed","2","1","assembly-cached","unaudited","pending"
"shaders/pixel/ps_1_4/FFXGlowWave.bls","pixel","ps_1_4","FFXGlowWave","1052","f56179b9ed994d56648737ba24c8b4de8377b0f70f4973d625b9216458178102","fallback-reachability","parsed","4","2","assembly-cached","unaudited","pending"
"shaders/pixel/ps_1_4/FFXNetherBlur.bls","pixel","ps_1_4","FFXNetherBlur","356","43d0a605923dffb58128c288a4559cb6f529c50e976176b977d6e32e75d84472","fallback-reachability","parsed","2","1","assembly-cached","unaudited","pending"
"shaders/pixel/ps_1_4/FFXNetherCombine.bls","pixel","ps_1_4","FFXNetherCombine","596","fea7694bf81bf8bdcfe7c92f6a66a57eefc8b4e7fa38f6252db5bcae295f64e7","fallback-reachability","parsed","2","1","assembly-cached","unaudited","pending"
"shaders/pixel/ps_1_4/FFXPropagateFog.bls","pixel","ps_1_4","FFXPropagateFog","468","6748383f5c8abddc78ba22d74fb616e65d74f1e3773ea2d538d3e6295f947f21","fallback-reachability","parsed","2","1","assembly-cached","unaudited","pending"
"shaders/pixel/ps_1_4/psLiquidMagma.bls","pixel","ps_1_4","psLiquidMagma","100","7eac47d1baf039a1be9a57afbb68346e39fe71dabd6301b576344dd601f00273","fallback-reachability","parsed","1","1","assembly-cached","unaudited","pending"
"shaders/pixel/ps_1_4/psLiquidWater.bls","pixel","ps_1_4","psLiquidWater","164","e5d4d91680dfa8e2c81de235697925e51f0f55e1abddff4b80f838675897b545","fallback-reachability","parsed","1","1","assembly-cached","unaudited","pending"
"shaders/pixel/ps_1_4/psLiquidWaterNoSpec.bls","pixel","ps_1_4","psLiquidWaterNoSpec","104","6fd90e0c6ada0f424eab90a13811d18229b5e9df1ad45fcc9979c5f8fa5f67e2","fallback-reachability","parsed","1","1","assembly-cached","unaudited","pending"
"shaders/pixel/ps_1_4/Terrain1.bls","pixel","ps_1_4","Terrain1","2172","a908f092b5367eacbc8ad0a1e5105dae64e8ace01b77639c169176a7d3477e93","fallback-reachability","parsed","8","4","assembly-cached","unaudited","pending"
"shaders/pixel/ps_1_4/Terrain1w_1.bls","pixel","ps_1_4","Terrain1w_1","240","09f8aa83145a186a86e3c63d36894bdc634e52f14bf51e877faed51d1c3026a9","fallback-reachability","parsed","1","1","assembly-cached","unaudited","pending"
"shaders/pixel/ps_1_4/Terrain1w_2.bls","pixel","ps_1_4","Terrain1w_2","272","023b4ff2350a86281908f65e35bde51e5c15ea5832843449ddbe5532c3e55272","fallback-reachability","parsed","1","1","assembly-cached","unaudited","pending"
"shaders/pixel/ps_1_4/Terrain1w_3.bls","pixel","ps_1_4","Terrain1w_3","304","64ab82e635c09c16657135076e9f1e7f7721e69ab14bd08d08362c90551b0d92","fallback-reachability","parsed","1","1","assembly-cached","unaudited","pending"
"shaders/pixel/ps_1_4/Terrain1w_4.bls","pixel","ps_1_4","Terrain1w_4","340","d9c6ed0e373ee312d5a0997fdd6ee1e652237fee46998b7086ca59fbc317f41c","fallback-reachability","parsed","1","1","assembly-cached","unaudited","pending"
"shaders/pixel/ps_1_4/UI.bls","pixel","ps_1_4","UI","64","cc66a9c88f39646b901daff8f5550ef507dce2b4011f23a777ecbaecd64c5265","fallback-reachability","parsed","1","1","assembly-cached","unaudited","pending"
"shaders/pixel/ps_2_0/Combiners_Add_Add.bls","pixel","ps_2_0","Combiners_Add_Add","12156","b713c09e27d8c09ed132c9dd0348078a7137754a7de382384909e89dd7f99a59","fallback-reachability","parsed","16","6","assembly-cached","unaudited","pending"
"shaders/pixel/ps_2_0/Combiners_Add_Mod.bls","pixel","ps_2_0","Combiners_Add_Mod","12396","65bd8c7306338cea61e9539d251bdb86e9e72fec6ebc285b465838c599b8b19b","fallback-reachability","parsed","16","6","assembly-cached","unaudited","pending"
"shaders/pixel/ps_2_0/Combiners_Add_Mod2x.bls","pixel","ps_2_0","Combiners_Add_Mod2x","13308","775a127cc5f71754157746c8fede89fd5c7591a0e30126cd825ef8c123b8b52e","fallback-reachability","parsed","16","6","assembly-cached","unaudited","pending"
"shaders/pixel/ps_2_0/Combiners_Add_Opaque.bls","pixel","ps_2_0","Combiners_Add_Opaque","12108","7097868e6a5fe0b5fec555267dd4556fecc0603a1b00d892e0c34eb56c6c2744","fallback-reachability","parsed","16","6","assembly-cached","unaudited","pending"
"shaders/pixel/ps_2_0/Combiners_Add.bls","pixel","ps_2_0","Combiners_Add","11004","51a18acc3d76327620f8cdd52b55779b2c2b7f8ca47cd0c567daff1ea1774c9e","fallback-reachability","parsed","16","6","assembly-cached","unaudited","pending"
"shaders/pixel/ps_2_0/Combiners_Decal.bls","pixel","ps_2_0","Combiners_Decal","11148","b56fb185876b33142d17341cc73dac8315f813de40539b39dd0dfdf23bce35dd","fallback-reachability","parsed","16","6","assembly-cached","unaudited","pending"
"shaders/pixel/ps_2_0/Combiners_Fade.bls","pixel","ps_2_0","Combiners_Fade","11148","2f777082314c435f782c002892294b4373ee3058dcbf9a0e678ebd34067a08db","fallback-reachability","parsed","16","6","assembly-cached","unaudited","pending"
"shaders/pixel/ps_2_0/Combiners_Mod_Add.bls","pixel","ps_2_0","Combiners_Mod_Add","11916","a20f3801020824f56ad7a5634815a995d66b66c5c1e786ecd432c85d04c86991","fallback-reachability","parsed","16","6","assembly-cached","unaudited","pending"
"shaders/pixel/ps_2_0/Combiners_Mod_AddNA.bls","pixel","ps_2_0","Combiners_Mod_AddNA","11884","7432a0b911152db73ddd1a4b54cf28d66ae8baedb071866f377b4a00dc98e10e","fallback-reachability","parsed","16","6","assembly-cached","unaudited","pending"
"shaders/pixel/ps_2_0/Combiners_Mod_Mod.bls","pixel","ps_2_0","Combiners_Mod_Mod","12332","1a50f2847bc9811d97f0b210ce94a9d3e6ba8c2a1534c45141f58a7e91e97ed1","fallback-reachability","parsed","16","6","assembly-cached","unaudited","pending"
"shaders/pixel/ps_2_0/Combiners_Mod_Mod2x.bls","pixel","ps_2_0","Combiners_Mod_Mod2x","12988","cd1ec2832e79bb7ac978d0a1b723baa0e9d94d4103be923820cedc71f9cf2a4a","fallback-reachability","parsed","16","6","assembly-cached","unaudited","pending"
"shaders/pixel/ps_2_0/Combiners_Mod_Mod2xNA.bls","pixel","ps_2_0","Combiners_Mod_Mod2xNA","12332","3215e172c17e80f2aaa49603a0da60a6171eaa855d8568d532e38af48f91f7a5","fallback-reachability","parsed","16","6","assembly-cached","unaudited","pending"
"shaders/pixel/ps_2_0/Combiners_Mod_Opaque.bls","pixel","ps_2_0","Combiners_Mod_Opaque","12076","f1b5e18569b43a34fcf8964c48fe600bb5f340de1fac052eb618e17d4407a2df","fallback-reachability","parsed","16","6","assembly-cached","unaudited","pending"
"shaders/pixel/ps_2_0/Combiners_Mod.bls","pixel","ps_2_0","Combiners_Mod","11180","32a87bf112707f67e89a4676ec32d5eeb015f81b94636ede4227c2ad7b7f6859","fallback-reachability","parsed","16","6","assembly-cached","unaudited","pending"
"shaders/pixel/ps_2_0/Combiners_Mod2x_Add.bls","pixel","ps_2_0","Combiners_Mod2x_Add","12524","1597a73e1caaa493c958d806ca4927aa10e23f944b14585173242ca3db79b7db","fallback-reachability","parsed","16","6","assembly-cached","unaudited","pending"
"shaders/pixel/ps_2_0/Combiners_Mod2x_Mod2x.bls","pixel","ps_2_0","Combiners_Mod2x_Mod2x","13004","37091f2b7661529c5c83d52daff58b39dd74bc9032829bf3daa466663df4affe","fallback-reachability","parsed","16","6","assembly-cached","unaudited","pending"
"shaders/pixel/ps_2_0/Combiners_Mod2x_Opaque.bls","pixel","ps_2_0","Combiners_Mod2x_Opaque","12732","6246f07b281d5cc21c44201965d16d456434f1fa669d6ffffd28777ddef755b9","fallback-reachability","parsed","16","6","assembly-cached","unaudited","pending"
"shaders/pixel/ps_2_0/Combiners_Mod2x.bls","pixel","ps_2_0","Combiners_Mod2x","11836","58d46d55086a0f2f0246b9ed0867f671b79257e8e8ba3a23cd9681d599e3d752","fallback-reachability","parsed","16","6","assembly-cached","unaudited","pending"
"shaders/pixel/ps_2_0/Combiners_Opaque_Add.bls","pixel","ps_2_0","Combiners_Opaque_Add","11852","4ecdfd6afecf5e467b36da5e3bd47281ea5bb88d72360eef52e423725d38a15a","fallback-reachability","parsed","16","6","assembly-cached","unaudited","pending"
"shaders/pixel/ps_2_0/Combiners_Opaque_AddAlpha_Alpha.bls","pixel","ps_2_0","Combiners_Opaque_AddAlpha_Alpha","12364","dbcd70434843153cb2d4a06567b5b2a2aa3fa088f58b312d0472b986ad931410","fallback-reachability","parsed","16","6","assembly-cached","unaudited","pending"
"shaders/pixel/ps_2_0/Combiners_Opaque_AddAlpha.bls","pixel","ps_2_0","Combiners_Opaque_AddAlpha","12044","f748f432309490a73ebb927cc92655fe02541b5f1be7c5ba2cfde8fcff11b70f","fallback-reachability","parsed","16","6","assembly-cached","unaudited","pending"
"shaders/pixel/ps_2_0/Combiners_Opaque_AddNA.bls","pixel","ps_2_0","Combiners_Opaque_AddNA","11788","d52df4acf9491085cd79bfc750538b0177c5afd3e15816a9b0f23404ee2c4d9c","fallback-reachability","parsed","16","6","assembly-cached","unaudited","pending"
"shaders/pixel/ps_2_0/Combiners_Opaque_Mod.bls","pixel","ps_2_0","Combiners_Opaque_Mod","12076","4bcce06c00e3a0184b71efebfef55c76770e6c92bd24133f4248570e4d05f5e5","fallback-reachability","parsed","16","6","assembly-cached","unaudited","pending"
"shaders/pixel/ps_2_0/Combiners_Opaque_Mod2x.bls","pixel","ps_2_0","Combiners_Opaque_Mod2x","12732","3ee4216b763906e7bad9b10de87e0b34f50bbc3d261ca9e485ec54d1e9930225","fallback-reachability","parsed","16","6","assembly-cached","unaudited","pending"
"shaders/pixel/ps_2_0/Combiners_Opaque_Mod2xNA_Alpha.bls","pixel","ps_2_0","Combiners_Opaque_Mod2xNA_Alpha","12972","f71dbaf02133ed571fc9b9810a28abdc7f6f03fd7aec35685b194201945f6913","fallback-reachability","parsed","16","6","assembly-cached","unaudited","pending"
"shaders/pixel/ps_2_0/Combiners_Opaque_Mod2xNA.bls","pixel","ps_2_0","Combiners_Opaque_Mod2xNA","12236","d552a45ebe8c0d7e860b03dcbe5e2dd33a25121b32d50d849731b53b722d2e4a","fallback-reachability","parsed","16","6","assembly-cached","unaudited","pending"
"shaders/pixel/ps_2_0/Combiners_Opaque_Opaque.bls","pixel","ps_2_0","Combiners_Opaque_Opaque","11980","191c747f276f29af7dc6e48fb5a6ec7e7b0a7a969b80af865d1544d8f66baf8e","fallback-reachability","parsed","16","6","assembly-cached","unaudited","pending"
"shaders/pixel/ps_2_0/Combiners_Opaque.bls","pixel","ps_2_0","Combiners_Opaque","11084","2ed08a383fe2a34f80c247526b28eba936608ef804e712dc80b177d3efc38287","fallback-reachability","parsed","16","6","assembly-cached","unaudited","pending"
"shaders/pixel/ps_2_0/Desaturate.bls","pixel","ps_2_0","Desaturate","168","2aa8a6bf89bc02746d850f25ffe65eb42d339433888f12236c42b3358bcd89b1","fallback-reachability","parsed","1","1","assembly-cached","unaudited","pending"
"shaders/pixel/ps_2_0/DetailDoodad.bls","pixel","ps_2_0","DetailDoodad","5700","da085ba5672c077c470d6fcacc39ab9e654189d639213afac2707c01d28ab95f","fallback-reachability","parsed","8","3","assembly-cached","unaudited","pending"
"shaders/pixel/ps_2_0/FFXBox4.bls","pixel","ps_2_0","FFXBox4","652","0156c4b9650c7a106abeaf6af94338b8c005c39781c07719c0d25b9fe4c710f9","fallback-reachability","parsed","2","1","assembly-cached","unaudited","pending"
"shaders/pixel/ps_2_0/FFXComposite.bls","pixel","ps_2_0","FFXComposite","460","a5355105ad74f0d757c9b0a7cbc1e207339f989e63de19028a4f572e97434a34","fallback-reachability","parsed","2","1","assembly-cached","unaudited","pending"
"shaders/pixel/ps_2_0/FFXDeath.bls","pixel","ps_2_0","FFXDeath","628","ef4fd4bb175a1478f6bde1a6ba5f6f60c97a7bfb5c5e101b2efffc6cddabcffd","fallback-reachability","parsed","2","1","assembly-cached","unaudited","pending"
"shaders/pixel/ps_2_0/FFXFogCombine.bls","pixel","ps_2_0","FFXFogCombine","516","c12dc3c3f27788d24b449196dd608bd042893842751194276f951111daba8a9c","fallback-reachability","parsed","2","1","assembly-cached","unaudited","pending"
"shaders/pixel/ps_2_0/FFXGauss4.bls","pixel","ps_2_0","FFXGauss4","604","1b22c9875b3ca55d8d7dbcb341af1e8c26610757e559b50af9d7263d6963fae5","fallback-reachability","parsed","2","1","assembly-cached","unaudited","pending"
"shaders/pixel/ps_2_0/FFXGlow.bls","pixel","ps_2_0","FFXGlow","452","dfc388c9f3c2865dfdab60fa274d08da3d6f5628dd74812764f3228ec04fe8b1","fallback-reachability","parsed","2","1","assembly-cached","unaudited","pending"
"shaders/pixel/ps_2_0/FFXGlowWave.bls","pixel","ps_2_0","FFXGlowWave","1436","e605f2fcb19de149fcb3584fbefc36b4687f05c37b20595e52e42b26f3673d56","fallback-reachability","parsed","4","2","assembly-cached","unaudited","pending"
"shaders/pixel/ps_2_0/FFXNetherBlur.bls","pixel","ps_2_0","FFXNetherBlur","604","6f34965a39a8dedcb423884cff311fbbd0abec8d176b72499609caede8482d9a","fallback-reachability","parsed","2","1","assembly-cached","unaudited","pending"
"shaders/pixel/ps_2_0/FFXNetherCombine.bls","pixel","ps_2_0","FFXNetherCombine","540","75dc10ebe9b9cd591a78357d243d6f5bbcdf7928342d9db749a6b3b8610bd533","fallback-reachability","parsed","2","1","assembly-cached","unaudited","pending"
"shaders/pixel/ps_2_0/FFXPropagateFog.bls","pixel","ps_2_0","FFXPropagateFog","636","d724fb046100df86993e644ed2715cd2912dac7c222c2a87c679e41f1edba665","fallback-reachability","parsed","2","1","assembly-cached","unaudited","pending"
"shaders/pixel/ps_2_0/FFXQuad.bls","pixel","ps_2_0","FFXQuad","212","f4b4b7df794be4c36d734dcc342b0386375151e24f63d09c782a1e14e49a48e6","fallback-reachability","parsed","2","1","assembly-cached","unaudited","pending"
"shaders/pixel/ps_2_0/MapObjComposite_V.bls","pixel","ps_2_0","MapObjComposite_V","0","e3b0c44298fc1c149afbf4c8996fb92427ae41e4649b934ca495991b7852b855","fallback-reachability","empty-file","0","0","assembly-cached","unaudited","pending"
"shaders/pixel/ps_2_0/MapObjComposite.bls","pixel","ps_2_0","MapObjComposite","12588","c7d5706fe2d061e9936265014b2b6618817538a7dbd442bffb6ecd303428ffb7","fallback-reachability","parsed","16","6","assembly-cached","unaudited","pending"
"shaders/pixel/ps_2_0/MapObjDiffuse.bls","pixel","ps_2_0","MapObjDiffuse","11436","585904e3aa0c065a248ff52e4ce470fcf40113f84e7e22bd1a5824d1527568d3","fallback-reachability","parsed","16","6","assembly-cached","unaudited","pending"
"shaders/pixel/ps_2_0/MapObjEnv.bls","pixel","ps_2_0","MapObjEnv","12300","79fcd858a00753679878fd26cceddcc5c7f15245e963e7846f06f2ce10f87ba6","fallback-reachability","parsed","16","6","assembly-cached","unaudited","pending"
"shaders/pixel/ps_2_0/MapObjEnvMetal.bls","pixel","ps_2_0","MapObjEnvMetal","12556","3c519787a18e010cf942d1e0f6f51355dfb7010514d47776a5d7c6f4c98b2cd7","fallback-reachability","parsed","16","6","assembly-cached","unaudited","pending"
"shaders/pixel/ps_2_0/MapObjMetal.bls","pixel","ps_2_0","MapObjMetal","11340","7ba2e707c309cefa27e86c1bb7df69f59e37242b3e7c09851eac0a4098d689a5","fallback-reachability","parsed","16","6","assembly-cached","unaudited","pending"
"shaders/pixel/ps_2_0/MapObjOpaque.bls","pixel","ps_2_0","MapObjOpaque","11340","7ba2e707c309cefa27e86c1bb7df69f59e37242b3e7c09851eac0a4098d689a5","fallback-reachability","parsed","16","6","assembly-cached","unaudited","pending"
"shaders/pixel/ps_2_0/MapObjSpecular.bls","pixel","ps_2_0","MapObjSpecular","11340","7ba2e707c309cefa27e86c1bb7df69f59e37242b3e7c09851eac0a4098d689a5","fallback-reachability","parsed","16","6","assembly-cached","unaudited","pending"
"shaders/pixel/ps_2_0/psLiquidMagma.bls","pixel","ps_2_0","psLiquidMagma","152","7dc4a7038dd98aae2c49ac8f70bea99f0ba3fb6e7aa5ff1581d5ec1fca7c6c07","fallback-reachability","parsed","1","1","assembly-cached","unaudited","pending"
"shaders/pixel/ps_2_0/psLiquidProcWater_Editor.bls","pixel","ps_2_0","psLiquidProcWater_Editor","1192","da697c402d85d63f368b7902477c02abc99657b581f2e9e7db41afe176d3a29f","fallback-reachability","parsed","1","1","assembly-cached","unaudited","pending"
"shaders/pixel/ps_2_0/psLiquidProcWater.bls","pixel","ps_2_0","psLiquidProcWater","1208","e8648a7fe5fab365c936b7b387fd6c0a1e7cc28918df6545d2250447958ad14c","fallback-reachability","parsed","1","1","assembly-cached","unaudited","pending"
"shaders/pixel/ps_2_0/psLiquidWater.bls","pixel","ps_2_0","psLiquidWater","272","032f27256a57de3ebd2dc488ab12fab0e5dcdc4f6d1ae5f74c2b62216f084fba","fallback-reachability","parsed","1","1","assembly-cached","unaudited","pending"
"shaders/pixel/ps_2_0/psLiquidWaterNoSpec.bls","pixel","ps_2_0","psLiquidWaterNoSpec","196","84739872d7f4a6974f7552bf791e6370f1a8836fb5c5aaee18f0ee5d0c3ab4f5","fallback-reachability","parsed","1","1","assembly-cached","unaudited","pending"
"shaders/pixel/ps_2_0/ShadowMap.bls","pixel","ps_2_0","ShadowMap","0","e3b0c44298fc1c149afbf4c8996fb92427ae41e4649b934ca495991b7852b855","fallback-reachability","empty-file","0","0","assembly-cached","unaudited","pending"
"shaders/pixel/ps_2_0/ShadowMapSL.bls","pixel","ps_2_0","ShadowMapSL","2380","d39a75d86e952fb608488237f57151d528b54eb7d3a832905bb94d742f1cf9b2","fallback-reachability","parsed","16","2","assembly-cached","unaudited","pending"
"shaders/pixel/ps_2_0/Terrain0_env.bls","pixel","ps_2_0","Terrain0_env","340","62c9991a6c9c2f67c56209e6f9a28bdf1583d83a4df50f8ede3cec62d2e7619e","fallback-reachability","parsed","1","1","assembly-cached","unaudited","pending"
"shaders/pixel/ps_2_0/Terrain0.bls","pixel","ps_2_0","Terrain0","936","b0d5a7365afa70ef426d7e913e4ad8d331236166f2d268b8f04c5a57d51540ed","fallback-reachability","parsed","3","3","assembly-cached","unaudited","pending"
"shaders/pixel/ps_2_0/Terrain1.bls","pixel","ps_2_0","Terrain1","14444","cd088516464c67ca8d424fcf5f386a3d08004dd465ab0a8dfff116d7ebd3aede","fallback-reachability","parsed","32","32","assembly-cached","unaudited","pending"
"shaders/pixel/ps_2_0/Terrain2_pcf.bls","pixel","ps_2_0","Terrain2_pcf","31036","ba49237e4d10d07aefb5baed5ff315b150bcc8e62f83169a5ea3265a9c75bfed","fallback-reachability","parsed","32","32","assembly-cached","unaudited","pending"
"shaders/pixel/ps_2_0/Terrain2.bls","pixel","ps_2_0","Terrain2","29852","452041adf2d6d939bcb33087e2ad3c5fac66d7090216860d618cfc2f985066a4","fallback-reachability","parsed","32","32","assembly-cached","unaudited","pending"
"shaders/pixel/ps_2_0/TerrainSM.bls","pixel","ps_2_0","TerrainSM","152","9bfdc2ebd3dd286eefe3314d1fbd844c544728192c6a719985f1ba7b7d03f98f","fallback-reachability","parsed","1","1","assembly-cached","unaudited","pending"
"shaders/pixel/ps_2_0/UI.bls","pixel","ps_2_0","UI","116","bd137f643df1df8fd53a46abacdd673af517f843e2366cd1363a419246eb674c","fallback-reachability","parsed","1","1","assembly-cached","unaudited","pending"
"shaders/pixel/ps_2_0/WaterRipples.bls","pixel","ps_2_0","WaterRipples","116","58b2b12a54f872bfc2145cbc7f0e36fd9bcefaf25b59cd99d445e873a958715f","fallback-reachability","parsed","1","1","assembly-cached","unaudited","pending"
"shaders/pixel/ps_3_0/Combiners_Add_Add.bls","pixel","ps_3_0","Combiners_Add_Add","30572","74c99f70a67639e6c3aadc67111fb1bb955d169683770b8c0037c47cb77221fa","sm3-primary","parsed","16","14","assembly-cached","unaudited","pending"
"shaders/pixel/ps_3_0/Combiners_Add_Mod.bls","pixel","ps_3_0","Combiners_Add_Mod","30844","d25e3f9aaf3c773b721d02b92f4a160138091c9a12627dff1451962dfffa5352","sm3-primary","parsed","16","14","assembly-cached","unaudited","pending"
"shaders/pixel/ps_3_0/Combiners_Add_Mod2x.bls","pixel","ps_3_0","Combiners_Add_Mod2x","31516","d672fa9182a59f042ec111f23c96992eaee129b8e43b36cddade85de0bebec97","sm3-primary","parsed","16","14","assembly-cached","unaudited","pending"
"shaders/pixel/ps_3_0/Combiners_Add_Opaque.bls","pixel","ps_3_0","Combiners_Add_Opaque","30556","25052c2c7babad9e3f91234bf7ab2495e1622550b7be32af4e890fa38f9c615c","sm3-primary","parsed","16","14","assembly-cached","unaudited","pending"
"shaders/pixel/ps_3_0/Combiners_Add.bls","pixel","ps_3_0","Combiners_Add","29420","e7190d57dfaa1cd8f4573746137a6c37acf336719205a3b9c5d3e53e1b4e7ba1","sm3-primary","parsed","16","14","assembly-cached","unaudited","pending"
"shaders/pixel/ps_3_0/Combiners_Decal.bls","pixel","ps_3_0","Combiners_Decal","29500","3f47c3ff62ee80e8dc30e259ac28fc7ac602e63f0c32cb957c0570733c49ae7a","sm3-primary","parsed","16","14","assembly-cached","unaudited","pending"
"shaders/pixel/ps_3_0/Combiners_Fade.bls","pixel","ps_3_0","Combiners_Fade","29500","1805bd0d83d1a119854516ab6357c9f9a83679db5cb89069c292ff5c1f81d0ef","sm3-primary","parsed","16","14","assembly-cached","unaudited","pending"
"shaders/pixel/ps_3_0/Combiners_Mod_Add.bls","pixel","ps_3_0","Combiners_Mod_Add","30324","754da18a821073a49bb731adb0a460a255a194bf8abe799cbed624af630dc866","sm3-primary","parsed","16","14","assembly-cached","unaudited","pending"
"shaders/pixel/ps_3_0/Combiners_Mod_AddNA.bls","pixel","ps_3_0","Combiners_Mod_AddNA","30332","24d3a3ecc0d36fbd33459612f662c20fc89be6cf2f49cdda310dfb2a5d99af72","sm3-primary","parsed","16","14","assembly-cached","unaudited","pending"
"shaders/pixel/ps_3_0/Combiners_Mod_Mod.bls","pixel","ps_3_0","Combiners_Mod_Mod","30556","05482e737267b50b178183644ef358870cf1a7ef89d8b55c0cf96049e145fc0f","sm3-primary","parsed","16","14","assembly-cached","unaudited","pending"
"shaders/pixel/ps_3_0/Combiners_Mod_Mod2x.bls","pixel","ps_3_0","Combiners_Mod_Mod2x","31004","6146c2109f1c13ad029d79ed0e2a3f99b0fb84aa3fcde3f57a6719ecb6f6ccfb","sm3-primary","parsed","16","14","assembly-cached","unaudited","pending"
"shaders/pixel/ps_3_0/Combiners_Mod_Mod2xNA.bls","pixel","ps_3_0","Combiners_Mod_Mod2xNA","30588","6f9e27e5701006ae72932a12e928460ac78343a976a344ecb849a2eccaef7e0a","sm3-primary","parsed","16","14","assembly-cached","unaudited","pending"
"shaders/pixel/ps_3_0/Combiners_Mod_Opaque.bls","pixel","ps_3_0","Combiners_Mod_Opaque","30332","b8a4a07ddea3f03f98cbc95c7324c778ba329b37a3289c8e4d29b39e25f38a6a","sm3-primary","parsed","16","14","assembly-cached","unaudited","pending"
"shaders/pixel/ps_3_0/Combiners_Mod.bls","pixel","ps_3_0","Combiners_Mod","29436","b0757bd321bcc7810d3d0120bf32259ee7ce8421d73c1b853919c249bcf0b65a","sm3-primary","parsed","16","14","assembly-cached","unaudited","pending"
"shaders/pixel/ps_3_0/Combiners_Mod2x_Add.bls","pixel","ps_3_0","Combiners_Mod2x_Add","30620","28b3a41de15f602faf5fdf8131fdddf54ce6d47d680a092d856be73e057f60e8","sm3-primary","parsed","16","14","assembly-cached","unaudited","pending"
"shaders/pixel/ps_3_0/Combiners_Mod2x_Mod2x.bls","pixel","ps_3_0","Combiners_Mod2x_Mod2x","31252","9d53e347d3c488ad7a2129ab6c13549a8211e9026952375d4b7c3a7fedac8edf","sm3-primary","parsed","16","14","assembly-cached","unaudited","pending"
"shaders/pixel/ps_3_0/Combiners_Mod2x_Opaque.bls","pixel","ps_3_0","Combiners_Mod2x_Opaque","30748","29901cd1d351114859d60f532a8e087b0509c7c13648df3ec2295417f609d4b3","sm3-primary","parsed","16","14","assembly-cached","unaudited","pending"
"shaders/pixel/ps_3_0/Combiners_Mod2x.bls","pixel","ps_3_0","Combiners_Mod2x","29852","ce3aa1dc8bd1d6440d03fe02bfc0eec5fa65ef535ae7255185b66b030dbb5876","sm3-primary","parsed","16","14","assembly-cached","unaudited","pending"
"shaders/pixel/ps_3_0/Combiners_Opaque_Add.bls","pixel","ps_3_0","Combiners_Opaque_Add","30300","4084f29ab20d10ae00e39682c03ebb7ae20bbff711fdd85305356bd444805abc","sm3-primary","parsed","16","14","assembly-cached","unaudited","pending"
"shaders/pixel/ps_3_0/Combiners_Opaque_AddAlpha_Alpha.bls","pixel","ps_3_0","Combiners_Opaque_AddAlpha_Alpha","30524","2421f998e205adf082574c68f3f16d97eba376fec51bce3efa3cd19895f67a32","sm3-primary","parsed","16","14","assembly-cached","unaudited","pending"
"shaders/pixel/ps_3_0/Combiners_Opaque_AddAlpha.bls","pixel","ps_3_0","Combiners_Opaque_AddAlpha","30396","8fa91871db7c2b20ffcdaaffd4c109af109384f3f5869ffdcd9e37e16cb7e054","sm3-primary","parsed","16","14","assembly-cached","unaudited","pending"
"shaders/pixel/ps_3_0/Combiners_Opaque_AddNA.bls","pixel","ps_3_0","Combiners_Opaque_AddNA","30140","4aacaf2cd1ba5229bd5324b2fec7f4e46c99e0b69487d9f7d083f04674642d27","sm3-primary","parsed","16","14","assembly-cached","unaudited","pending"
"shaders/pixel/ps_3_0/Combiners_Opaque_Mod.bls","pixel","ps_3_0","Combiners_Opaque_Mod","30332","95290c1fb1a77ae5f4104722b4b8834de9f7c79d7f60e78cc06833d93b24d719","sm3-primary","parsed","16","14","assembly-cached","unaudited","pending"
"shaders/pixel/ps_3_0/Combiners_Opaque_Mod2x.bls","pixel","ps_3_0","Combiners_Opaque_Mod2x","30748","cbe1710b12eb5678a6621a12796a4c8dca10d53f7e36a2556301b94042f796fd","sm3-primary","parsed","16","14","assembly-cached","unaudited","pending"
"shaders/pixel/ps_3_0/Combiners_Opaque_Mod2xNA_Alpha.bls","pixel","ps_3_0","Combiners_Opaque_Mod2xNA_Alpha","31132","99d2bcf96a0f05c1049d97c0c10c4908daad97354535442a9662724b3c03b70f","sm3-primary","parsed","16","14","assembly-cached","unaudited","pending"
"shaders/pixel/ps_3_0/Combiners_Opaque_Mod2xNA.bls","pixel","ps_3_0","Combiners_Opaque_Mod2xNA","30396","d0512429172dd86fabbcb5bc426ed7fbd6443f957518afa9151c2de681f89528","sm3-primary","parsed","16","14","assembly-cached","unaudited","pending"
"shaders/pixel/ps_3_0/Combiners_Opaque_Opaque.bls","pixel","ps_3_0","Combiners_Opaque_Opaque","30140","08f62623b0db8a12db74c0684573c54d1dae26782ffa4dd532ff5bb2eec60739","sm3-primary","parsed","16","14","assembly-cached","unaudited","pending"
"shaders/pixel/ps_3_0/Combiners_Opaque.bls","pixel","ps_3_0","Combiners_Opaque","29244","bb61fa1731eff60a814085c3dff459032393500a2ade5426a2a1e992e71a1a87","sm3-primary","parsed","16","14","assembly-cached","unaudited","pending"
"shaders/pixel/ps_3_0/Desaturate.bls","pixel","ps_3_0","Desaturate","156","2c4aa3e268a86aa30d8bd5ed9d9ab2c70335df469d1e68a6364cb4c2359eb06c","sm3-primary","parsed","1","1","assembly-cached","unaudited","pending"
"shaders/pixel/ps_3_0/DetailDoodad.bls","pixel","ps_3_0","DetailDoodad","14780","0b716aec77475410403a55b391cd378671f002e4ecd2b6aa35817260039eb1f6","sm3-primary","parsed","8","7","assembly-cached","unaudited","pending"
"shaders/pixel/ps_3_0/MapObjComposite_V.bls","pixel","ps_3_0","MapObjComposite_V","0","e3b0c44298fc1c149afbf4c8996fb92427ae41e4649b934ca495991b7852b855","sm3-primary","empty-file","0","0","assembly-cached","unaudited","pending"
"shaders/pixel/ps_3_0/MapObjComposite.bls","pixel","ps_3_0","MapObjComposite","31100","25b5556bfd0375d92d2eb855882e9494a7576681218309e00534825af966e5b3","sm3-primary","parsed","16","14","assembly-cached","unaudited","pending"
"shaders/pixel/ps_3_0/MapObjDiffuse.bls","pixel","ps_3_0","MapObjDiffuse","29948","ce80fa39432a1ead3b7595309da1a51eb5eeb9f05d06fdd5392a1f6a2d8b1b3a","sm3-primary","parsed","16","14","assembly-cached","unaudited","pending"
"shaders/pixel/ps_3_0/MapObjEnv.bls","pixel","ps_3_0","MapObjEnv","30652","c2a5725b5add6912edcf0beaafdd2d782c4530e8764f132a85bea7eac7a46b16","sm3-primary","parsed","16","14","assembly-cached","unaudited","pending"
"shaders/pixel/ps_3_0/MapObjEnvMetal.bls","pixel","ps_3_0","MapObjEnvMetal","30908","6de1ea51c1e9a512c59724f980be860cc92fd6cbdc901adf5ab92b86255da6ca","sm3-primary","parsed","16","14","assembly-cached","unaudited","pending"
"shaders/pixel/ps_3_0/MapObjMetal.bls","pixel","ps_3_0","MapObjMetal","29788","4da764747b956f901741a42f31b76121da353ee19d499e9bc46263fe469d6e87","sm3-primary","parsed","16","14","assembly-cached","unaudited","pending"
"shaders/pixel/ps_3_0/MapObjOpaque.bls","pixel","ps_3_0","MapObjOpaque","29788","f37dd0457ff1e1d3e8eecbbce2b271b35dd8e3cfff1ee741896de01d52e3128f","sm3-primary","parsed","16","14","assembly-cached","unaudited","pending"
"shaders/pixel/ps_3_0/MapObjSpecular.bls","pixel","ps_3_0","MapObjSpecular","29788","f37dd0457ff1e1d3e8eecbbce2b271b35dd8e3cfff1ee741896de01d52e3128f","sm3-primary","parsed","16","14","assembly-cached","unaudited","pending"
"shaders/pixel/ps_3_0/psLiquidMagma.bls","pixel","ps_3_0","psLiquidMagma","176","e28cedb3d8c96ebdee15a2fa3fa68f9e065e745fbde26dcf5409be3647ffcec2","sm3-primary","parsed","1","1","assembly-cached","unaudited","pending"
"shaders/pixel/ps_3_0/psLiquidProcWater_Editor.bls","pixel","ps_3_0","psLiquidProcWater_Editor","1456","9a0e6f20b6ab5f188d891e088a5ee024940ce8b9e23ac66c2fbbcc12a4c7945a","sm3-primary","parsed","1","1","assembly-cached","unaudited","pending"
"shaders/pixel/ps_3_0/psLiquidProcWater.bls","pixel","ps_3_0","psLiquidProcWater","1456","06e285bb5ad8828985d200b1f65741aeead273c36277384bbea1cf70329a640b","sm3-primary","parsed","1","1","assembly-cached","unaudited","pending"
"shaders/pixel/ps_3_0/psLiquidWater.bls","pixel","ps_3_0","psLiquidWater","320","0a657d8cdafef23a3e20b4a27b285ddbcc2d1c6d4bc2ae73ab7b4e6c3f0d5c5e","sm3-primary","parsed","1","1","assembly-cached","unaudited","pending"
"shaders/pixel/ps_3_0/psLiquidWaterNoSpec.bls","pixel","ps_3_0","psLiquidWaterNoSpec","248","63d6999d93cd750c82722f24d7d682d13b89316ca1d220b92c1f35cd8c18d55b","sm3-primary","parsed","1","1","assembly-cached","unaudited","pending"
"shaders/pixel/ps_3_0/ShadowMap.bls","pixel","ps_3_0","ShadowMap","0","e3b0c44298fc1c149afbf4c8996fb92427ae41e4649b934ca495991b7852b855","sm3-primary","empty-file","0","0","assembly-cached","unaudited","pending"
"shaders/pixel/ps_3_0/ShadowMapSL.bls","pixel","ps_3_0","ShadowMapSL","2188","03fcec99807ca34f05848f50e4eee592786f9ad534f30c35c51d60457bc32812","sm3-primary","parsed","16","2","assembly-cached","unaudited","pending"
"shaders/pixel/ps_3_0/Terrain0_env.bls","pixel","ps_3_0","Terrain0_env","364","7051c84d6530ddca4f385b4567e7ef932e30b7597a864c86b147a92231fe2559","sm3-primary","parsed","1","1","assembly-cached","unaudited","pending"
"shaders/pixel/ps_3_0/Terrain0.bls","pixel","ps_3_0","Terrain0","1020","c16f87dfb4d6a728d851c6e347bb5561e2a6f7a1c320bfed50bd969b77ea2ad1","sm3-primary","parsed","3","3","assembly-cached","unaudited","pending"
"shaders/pixel/ps_3_0/Terrain1.bls","pixel","ps_3_0","Terrain1","15148","874fb34e18f2f3673b19313beac25d150ed2ac0d3d1823c81069779507b33d71","sm3-primary","parsed","32","32","assembly-cached","unaudited","pending"
"shaders/pixel/ps_3_0/Terrain2_pcf.bls","pixel","ps_3_0","Terrain2_pcf","29996","15c1323cad684970416f4ae6774a1790c28296c0ab092c5e111f5196ca5adc8e","sm3-primary","parsed","32","32","assembly-cached","unaudited","pending"
"shaders/pixel/ps_3_0/Terrain2.bls","pixel","ps_3_0","Terrain2","31916","2e95c1967f62f8a0264b4ca8f589d667082cdb5b966ee53f4a983dac4cd24d2e","sm3-primary","parsed","32","32","assembly-cached","unaudited","pending"
"shaders/pixel/ps_3_0/Terrain3_pcf.bls","pixel","ps_3_0","Terrain3_pcf","176172","cb9da623cf4acb14032001a7d9af744d1298be5a080798899cba4533dd62a70e","sm3-primary","parsed","96","96","assembly-cached","unaudited","pending"
"shaders/pixel/ps_3_0/Terrain3.bls","pixel","ps_3_0","Terrain3","196268","2086dbc3e862a641520e1f4cb649570df6e8fc4d88dfb0c92f19014647a33088","sm3-primary","parsed","96","96","assembly-cached","unaudited","pending"
"shaders/pixel/ps_3_0/TerrainSM.bls","pixel","ps_3_0","TerrainSM","152","90ab5d835f293b59f5711a6aa8ce0b42ea296d4938851c6a8948a6b368cf2a43","sm3-primary","parsed","1","1","assembly-cached","unaudited","pending"
"shaders/pixel/ps_3_0/UI.bls","pixel","ps_3_0","UI","104","ec312dd94d47fa166ba307978761936f25832f441baa3c2277d4a6ddb6484f83","sm3-primary","parsed","1","1","assembly-cached","unaudited","pending"
"shaders/pixel/ps_3_0/WaterRipples.bls","pixel","ps_3_0","WaterRipples","116","db5b413c86ae04447ca06d49d6c9ad4c819066dcae0ee45ba2126aac71f3e5ec","sm3-primary","parsed","1","1","assembly-cached","unaudited","pending"
"shaders/vertex/arbvp1_cg12/CDiffuse_T1.bls","vertex","arbvp1_cg12","CDiffuse_T1","169416","4f9b307fa7e784903073ccf88848d5366e7785e4fa867e69138919369c918cba","fallback-reachability","container-inventoried","","","not-extracted-dx9-scope","unaudited","pending"
"shaders/vertex/arbvp1_cg12/Color_Proj_Proj.bls","vertex","arbvp1_cg12","Color_Proj_Proj","115512","165a36849a9b4f7685c5e12ca8f8b12ba65978365443f0e01f0edba6f950d202","fallback-reachability","container-inventoried","","","not-extracted-dx9-scope","unaudited","pending"
"shaders/vertex/arbvp1_cg12/Color_T1.bls","vertex","arbvp1_cg12","Color_T1","110292","19dd637baef5f07d6c37c45b97583b75a96efaac71d2a2388e7f25caa2adf51e","fallback-reachability","container-inventoried","","","not-extracted-dx9-scope","unaudited","pending"
"shaders/vertex/arbvp1_cg12/DetailDoodad.bls","vertex","arbvp1_cg12","DetailDoodad","12744","e864957962bd7fd0c985e14f590998d1e625759852b991963e6c224643f68a39","fallback-reachability","container-inventoried","","","not-extracted-dx9-scope","unaudited","pending"
"shaders/vertex/arbvp1_cg12/Diffuse_Env_Env.bls","vertex","arbvp1_cg12","Diffuse_Env_Env","194880","a3699128f9ae561a608cd7806925a71ba8efc2bc75406f6bbd34e8753aca2307","fallback-reachability","container-inventoried","","","not-extracted-dx9-scope","unaudited","pending"
"shaders/vertex/arbvp1_cg12/Diffuse_Env_T2.bls","vertex","arbvp1_cg12","Diffuse_Env_T2","212772","62caa9e42b687d857b92177b03ff9ff77a5582bc85d2e4f567c980f2b90fab4b","fallback-reachability","container-inventoried","","","not-extracted-dx9-scope","unaudited","pending"
"shaders/vertex/arbvp1_cg12/Diffuse_Env.bls","vertex","arbvp1_cg12","Diffuse_Env","195240","58ec0485c06f5c8a928cef22002505a280248999558d228c808d0992614feb63","fallback-reachability","container-inventoried","","","not-extracted-dx9-scope","unaudited","pending"
"shaders/vertex/arbvp1_cg12/Diffuse_Proj_Proj.bls","vertex","arbvp1_cg12","Diffuse_Proj_Proj","177036","77038698f2f3a01d7fea09372f59ac2972d1cb933814734857d2bc4fbf04744a","fallback-reachability","container-inventoried","","","not-extracted-dx9-scope","unaudited","pending"
"shaders/vertex/arbvp1_cg12/Diffuse_T1_Env.bls","vertex","arbvp1_cg12","Diffuse_T1_Env","212772","b52aa9476ad3bbd6221208dd66fa80d340a9a9e78b9d1b75838488ed76e6c1d3","fallback-reachability","container-inventoried","","","not-extracted-dx9-scope","unaudited","pending"
"shaders/vertex/arbvp1_cg12/Diffuse_T1_T2.bls","vertex","arbvp1_cg12","Diffuse_T1_T2","188904","992b1a329f68fd9c6f79d323457d0d4d73c98193f3969edcd58dfabcfba19feb","fallback-reachability","container-inventoried","","","not-extracted-dx9-scope","unaudited","pending"
"shaders/vertex/arbvp1_cg12/Diffuse_T1.bls","vertex","arbvp1_cg12","Diffuse_T1","172140","825ea026f8381f511c80b991317f68fda892354ceb3d799a801273d2ef408b3a","fallback-reachability","container-inventoried","","","not-extracted-dx9-scope","unaudited","pending"
"shaders/vertex/arbvp1_cg12/Diffuse_T2.bls","vertex","arbvp1_cg12","Diffuse_T2","174876","5fd7eacca93b05ac04078d7610b98ba9b5244f6e3aa9e76eaf354a785a84d08c","fallback-reachability","container-inventoried","","","not-extracted-dx9-scope","unaudited","pending"
"shaders/vertex/arbvp1_cg12/FFXNetherBlur.bls","vertex","arbvp1_cg12","FFXNetherBlur","2116","6a03f1cc8ffa41277626a867de8b7ca11c8f71a684fa8b610198774b9e98bfda","fallback-reachability","container-inventoried","","","not-extracted-dx9-scope","unaudited","pending"
"shaders/vertex/arbvp1_cg12/MapObjDiffuse_Comp.bls","vertex","arbvp1_cg12","MapObjDiffuse_Comp","0","e3b0c44298fc1c149afbf4c8996fb92427ae41e4649b934ca495991b7852b855","fallback-reachability","empty-file","","","not-extracted-dx9-scope","unaudited","pending"
"shaders/vertex/arbvp1_cg12/MapObjDiffuse_T1_Env.bls","vertex","arbvp1_cg12","MapObjDiffuse_T1_Env","0","e3b0c44298fc1c149afbf4c8996fb92427ae41e4649b934ca495991b7852b855","fallback-reachability","empty-file","","","not-extracted-dx9-scope","unaudited","pending"
"shaders/vertex/arbvp1_cg12/MapObjDiffuse_T1_Refl.bls","vertex","arbvp1_cg12","MapObjDiffuse_T1_Refl","164676","c12d504ad68a6b9093ba2f51617daecaa25681c511ee5edcef6990825e75e153","fallback-reachability","container-inventoried","","","not-extracted-dx9-scope","unaudited","pending"
"shaders/vertex/arbvp1_cg12/MapObjDiffuse_T1.bls","vertex","arbvp1_cg12","MapObjDiffuse_T1","136848","d91bf6bc1026a7c7632bddf4532f4108acfc5c0c8e796d8a9615d725f866e5c3","fallback-reachability","container-inventoried","","","not-extracted-dx9-scope","unaudited","pending"
"shaders/vertex/arbvp1_cg12/MapObjSpecular_T1.bls","vertex","arbvp1_cg12","MapObjSpecular_T1","156576","ecc7199728cb086cf12fa50f08640b2726af3f12277efdac93a760375563e9b2","fallback-reachability","container-inventoried","","","not-extracted-dx9-scope","unaudited","pending"
"shaders/vertex/arbvp1_cg12/MapObjUDiffuse_Comp.bls","vertex","arbvp1_cg12","MapObjUDiffuse_Comp","154812","6fbef5b7b76fe7979f332c06538774358e030f1d5f416d022a243663aee89602","fallback-reachability","container-inventoried","","","not-extracted-dx9-scope","unaudited","pending"
"shaders/vertex/arbvp1_cg12/MapObjUDiffuse_T1_Env.bls","vertex","arbvp1_cg12","MapObjUDiffuse_T1_Env","0","e3b0c44298fc1c149afbf4c8996fb92427ae41e4649b934ca495991b7852b855","fallback-reachability","empty-file","","","not-extracted-dx9-scope","unaudited","pending"
"shaders/vertex/arbvp1_cg12/MapObjUDiffuse_T1_Refl.bls","vertex","arbvp1_cg12","MapObjUDiffuse_T1_Refl","167520","9df949137dd090c652e2fe0f5a0c15441e0bd4186a0b17cbebdf32c59ca3ea74","fallback-reachability","container-inventoried","","","not-extracted-dx9-scope","unaudited","pending"
"shaders/vertex/arbvp1_cg12/MapObjUDiffuse_T1.bls","vertex","arbvp1_cg12","MapObjUDiffuse_T1","139692","98ff957897fd1e316530cedd70fd12a8308021e8248865c9c859fda785a65d45","fallback-reachability","container-inventoried","","","not-extracted-dx9-scope","unaudited","pending"
"shaders/vertex/arbvp1_cg12/MapObjUSpecular_T1.bls","vertex","arbvp1_cg12","MapObjUSpecular_T1","159456","36288589117faab5e0e768f9b5f96a46c84f3cfb45f280772f9bc47e8f2164b6","fallback-reachability","container-inventoried","","","not-extracted-dx9-scope","unaudited","pending"
"shaders/vertex/arbvp1_cg12/patter.bls","vertex","arbvp1_cg12","patter","1992","f942b68165df6b9616d846118f5f03230b1d7253f8d19affd2531c2e6f6f3b3f","fallback-reachability","container-inventoried","","","not-extracted-dx9-scope","unaudited","pending"
"shaders/vertex/arbvp1_cg12/rain.bls","vertex","arbvp1_cg12","rain","2080","282e004fc04a2f26958e879db1f49a9336685792ce68eb88880455bd69d4abf0","fallback-reachability","container-inventoried","","","not-extracted-dx9-scope","unaudited","pending"
"shaders/vertex/arbvp1_cg12/sand.bls","vertex","arbvp1_cg12","sand","1328","d601a11f0cfde82984f4d75c4e291f1df0dd23dab0297262ea83fe9ac83df476","fallback-reachability","container-inventoried","","","not-extracted-dx9-scope","unaudited","pending"
"shaders/vertex/arbvp1_cg12/ShadowMap.bls","vertex","arbvp1_cg12","ShadowMap","93492","7ddd543c298790836dd1675551a90f89c3dcb27e6142f036d37d0f465003e140","fallback-reachability","container-inventoried","","","not-extracted-dx9-scope","unaudited","pending"
"shaders/vertex/arbvp1_cg12/snowpoint.bls","vertex","arbvp1_cg12","snowpoint","1184","14994fc30dd991248a440800e2211806145a44677c725de1a34a5e700b6dcbcc","fallback-reachability","container-inventoried","","","not-extracted-dx9-scope","unaudited","pending"
"shaders/vertex/arbvp1_cg12/Terrain.bls","vertex","arbvp1_cg12","Terrain","343204","7db4b3c730f3c5861848338c02f7d58ef63c52ad50bd9ca46fe09af1bf628956","fallback-reachability","container-inventoried","","","not-extracted-dx9-scope","unaudited","pending"
"shaders/vertex/arbvp1_cg12/UI.bls","vertex","arbvp1_cg12","UI","912","c9e8adff7b461be76ca3c6699d9d4763ad290315719208a1bc93f434b81ff388","fallback-reachability","container-inventoried","","","not-extracted-dx9-scope","unaudited","pending"
"shaders/vertex/arbvp1_cg12/vsLiquidMagma.bls","vertex","arbvp1_cg12","vsLiquidMagma","928","135a7bf3121a32820fc7ce952740c4bc7112e6512f1c4c031dd036a506d0c9dd","fallback-reachability","container-inventoried","","","not-extracted-dx9-scope","unaudited","pending"
"shaders/vertex/arbvp1_cg12/vsLiquidProcWater_Editor.bls","vertex","arbvp1_cg12","vsLiquidProcWater_Editor","39788","fa89b0430a7c1b9949a6600653b09b6cfdc00b3c3902fa69ad574b35742c47ea","fallback-reachability","container-inventoried","","","not-extracted-dx9-scope","unaudited","pending"
"shaders/vertex/arbvp1_cg12/vsLiquidProcWater.bls","vertex","arbvp1_cg12","vsLiquidProcWater","39788","807a5d83960127db1c73dd998e776706fa0d2de0105a3e80ebdf1791925fcc0f","fallback-reachability","container-inventoried","","","not-extracted-dx9-scope","unaudited","pending"
"shaders/vertex/arbvp1_cg12/vsLiquidWater.bls","vertex","arbvp1_cg12","vsLiquidWater","9712","49484ad8502f6dc6c522bb463a0a04b489369efa98bc353ed3bd302dc6731a0f","fallback-reachability","container-inventoried","","","not-extracted-dx9-scope","unaudited","pending"
"shaders/vertex/arbvp1_cg12/vsLiquidWaterNoSpec.bls","vertex","arbvp1_cg12","vsLiquidWaterNoSpec","8292","8d2eb0d9ee06264717e226df27c52598965bf2966942ca45db79dca111282f47","fallback-reachability","container-inventoried","","","not-extracted-dx9-scope","unaudited","pending"
"shaders/vertex/arbvp1_cg12/WaterRipples.bls","vertex","arbvp1_cg12","WaterRipples","436","2827938c0d8e6d5d86aa4bee9b60e8128bf2720e648a09b71b88ae10584b9325","fallback-reachability","container-inventoried","","","not-extracted-dx9-scope","unaudited","pending"
"shaders/vertex/arbvp1/CDiffuse_T1.bls","vertex","arbvp1","CDiffuse_T1","155468","ab1de29ccb3e2b8a94eb04028db2acfc5ceddad40d5643e9ef6f8132980b1b7a","fallback-reachability","container-inventoried","","","not-extracted-dx9-scope","unaudited","pending"
"shaders/vertex/arbvp1/Color_Proj_Proj.bls","vertex","arbvp1","Color_Proj_Proj","122092","49ed0788daab41d9ec8a4edd9f2f3af8a1efe151b4fa97d13f52d0291331405f","fallback-reachability","container-inventoried","","","not-extracted-dx9-scope","unaudited","pending"
"shaders/vertex/arbvp1/Color_T1.bls","vertex","arbvp1","Color_T1","116932","9624a295b2734e7207a804f5e0254f2bbe230c2265c15ef8109193257e35d8a4","fallback-reachability","container-inventoried","","","not-extracted-dx9-scope","unaudited","pending"
"shaders/vertex/arbvp1/DetailDoodad.bls","vertex","arbvp1","DetailDoodad","11304","6dce1ff2af5a7983a204954a8dbd5cd2e0fa6813c174423cd1af2e5b3e9d47f2","fallback-reachability","container-inventoried","","","not-extracted-dx9-scope","unaudited","pending"
"shaders/vertex/arbvp1/Diffuse_Env_Env.bls","vertex","arbvp1","Diffuse_Env_Env","177996","2d72af1e2b91169dda55d6213fe882dd75cefcf1aa3245f3ee04efc54b657dd3","fallback-reachability","container-inventoried","","","not-extracted-dx9-scope","unaudited","pending"
"shaders/vertex/arbvp1/Diffuse_Env_T2.bls","vertex","arbvp1","Diffuse_Env_T2","190248","ac1886e671b441caf5976044b358d3ee53c098f1fe6a6492f484c12948d9343e","fallback-reachability","container-inventoried","","","not-extracted-dx9-scope","unaudited","pending"
"shaders/vertex/arbvp1/Diffuse_Env.bls","vertex","arbvp1","Diffuse_Env","175744","9ccf797a91c9f09ef28725814d4bfb80be4d9dc2a98805285328a8151aaa5350","fallback-reachability","container-inventoried","","","not-extracted-dx9-scope","unaudited","pending"
"shaders/vertex/arbvp1/Diffuse_Proj_Proj.bls","vertex","arbvp1","Diffuse_Proj_Proj","163352","d4c129662f9485ce9859251be45e228b9629079f7e25b76e0ac47a506b1cf0ad","fallback-reachability","container-inventoried","","","not-extracted-dx9-scope","unaudited","pending"
"shaders/vertex/arbvp1/Diffuse_T1_Env.bls","vertex","arbvp1","Diffuse_T1_Env","190088","0dc6138de685107ad3ac1af702b89ecc8a4d438343eb20477d779db367b32a3a","fallback-reachability","container-inventoried","","","not-extracted-dx9-scope","unaudited","pending"
"shaders/vertex/arbvp1/Diffuse_T1_T2.bls","vertex","arbvp1","Diffuse_T1_T2","172264","959a7a186e2103897da4313d9482a6a4a59dc93e66baf6491ce6f4e382af4ea6","fallback-reachability","container-inventoried","","","not-extracted-dx9-scope","unaudited","pending"
"shaders/vertex/arbvp1/Diffuse_T1.bls","vertex","arbvp1","Diffuse_T1","157772","ac76d63e054a3ab1b5bfaf9638dd289174f578768b0084b44e69231b0ce954d1","fallback-reachability","container-inventoried","","","not-extracted-dx9-scope","unaudited","pending"
"shaders/vertex/arbvp1/Diffuse_T2.bls","vertex","arbvp1","Diffuse_T2","157772","a4568cb6df422041405bcd6e8c36dd52a4b662d90003999f52ed9281475703b7","fallback-reachability","container-inventoried","","","not-extracted-dx9-scope","unaudited","pending"
"shaders/vertex/arbvp1/FFXNetherBlur.bls","vertex","arbvp1","FFXNetherBlur","1728","41b5ba358de015d58497a191b74335f50f239c0aef88312f0bcf5dc2e2dca94a","fallback-reachability","container-inventoried","","","not-extracted-dx9-scope","unaudited","pending"
"shaders/vertex/arbvp1/MapObjDiffuse_Comp.bls","vertex","arbvp1","MapObjDiffuse_Comp","0","e3b0c44298fc1c149afbf4c8996fb92427ae41e4649b934ca495991b7852b855","fallback-reachability","empty-file","","","not-extracted-dx9-scope","unaudited","pending"
"shaders/vertex/arbvp1/MapObjDiffuse_T1_Env.bls","vertex","arbvp1","MapObjDiffuse_T1_Env","0","e3b0c44298fc1c149afbf4c8996fb92427ae41e4649b934ca495991b7852b855","fallback-reachability","empty-file","","","not-extracted-dx9-scope","unaudited","pending"
"shaders/vertex/arbvp1/MapObjDiffuse_T1_Refl.bls","vertex","arbvp1","MapObjDiffuse_T1_Refl","139896","f6521fd393c0197a78f548d359fc9a39cc0d8f292f1bc08ac43ce52d19caa207","fallback-reachability","container-inventoried","","","not-extracted-dx9-scope","unaudited","pending"
"shaders/vertex/arbvp1/MapObjDiffuse_T1.bls","vertex","arbvp1","MapObjDiffuse_T1","119484","f40ccc9dba63a017f934a71e47c0e8da35b31864b885e69923f109433be47277","fallback-reachability","container-inventoried","","","not-extracted-dx9-scope","unaudited","pending"
"shaders/vertex/arbvp1/MapObjSpecular_T1.bls","vertex","arbvp1","MapObjSpecular_T1","134064","21f6389a1631da1b4dd7dd17efef5b590e028899ebe04509af024f293cc19e93","fallback-reachability","container-inventoried","","","not-extracted-dx9-scope","unaudited","pending"
"shaders/vertex/arbvp1/MapObjUDiffuse_Comp.bls","vertex","arbvp1","MapObjUDiffuse_Comp","132096","a5c1d2eb194ebda080bde2e68ef2d8b73ea1ad4636b98aac21c42342a4cf19e3","fallback-reachability","container-inventoried","","","not-extracted-dx9-scope","unaudited","pending"
"shaders/vertex/arbvp1/MapObjUDiffuse_T1_Env.bls","vertex","arbvp1","MapObjUDiffuse_T1_Env","0","e3b0c44298fc1c149afbf4c8996fb92427ae41e4649b934ca495991b7852b855","fallback-reachability","empty-file","","","not-extracted-dx9-scope","unaudited","pending"
"shaders/vertex/arbvp1/MapObjUDiffuse_T1_Refl.bls","vertex","arbvp1","MapObjUDiffuse_T1_Refl","140940","1e3d89279ae65bfd991d240bffebf76e4e1a7904e6e3552e71a0a8c9924381c5","fallback-reachability","container-inventoried","","","not-extracted-dx9-scope","unaudited","pending"
"shaders/vertex/arbvp1/MapObjUDiffuse_T1.bls","vertex","arbvp1","MapObjUDiffuse_T1","120540","212ae7e6e6e879b68b9e27b0a3018adf9a1fee35dc78a94dccbe91b60a4c458e","fallback-reachability","container-inventoried","","","not-extracted-dx9-scope","unaudited","pending"
"shaders/vertex/arbvp1/MapObjUSpecular_T1.bls","vertex","arbvp1","MapObjUSpecular_T1","135036","30769eef081fbd0957e5993b6b7884dbc04a63b47e93ee94c36d5a877e7e5118","fallback-reachability","container-inventoried","","","not-extracted-dx9-scope","unaudited","pending"
"shaders/vertex/arbvp1/patter.bls","vertex","arbvp1","patter","1256","67d985c01137ff86aa4d1423a7176bab3b81c39e076998b1b1fc2f8461fea5e4","fallback-reachability","container-inventoried","","","not-extracted-dx9-scope","unaudited","pending"
"shaders/vertex/arbvp1/rain.bls","vertex","arbvp1","rain","1580","f900062a858efc75bff96dd87d59d9814083c223553f01541ed6754aeb1fa31e","fallback-reachability","container-inventoried","","","not-extracted-dx9-scope","unaudited","pending"
"shaders/vertex/arbvp1/sand.bls","vertex","arbvp1","sand","924","fd3bdcdb3c88cfc61d947fcc85cde10d7e80eac093cffa1fbeffd7fe0e39c740","fallback-reachability","container-inventoried","","","not-extracted-dx9-scope","unaudited","pending"
"shaders/vertex/arbvp1/ShadowMap.bls","vertex","arbvp1","ShadowMap","85932","7defa9fe5d811a76ac69093b499d90877100495c0306127aef629d5d48b783ef","fallback-reachability","container-inventoried","","","not-extracted-dx9-scope","unaudited","pending"
"shaders/vertex/arbvp1/snowpoint.bls","vertex","arbvp1","snowpoint","856","73420bd28b032714e391e49284deaa7787d76bfb035fc8f4fe2cc82d721faaf1","fallback-reachability","container-inventoried","","","not-extracted-dx9-scope","unaudited","pending"
"shaders/vertex/arbvp1/Terrain.bls","vertex","arbvp1","Terrain","282484","82623f687ec1379af9f7dde670882c995af2043250e9e90285845241e69a4f2c","fallback-reachability","container-inventoried","","","not-extracted-dx9-scope","unaudited","pending"
"shaders/vertex/arbvp1/UI.bls","vertex","arbvp1","UI","828","8b7abd53510bc97f2df5a2872346693655b5c3cda061229e803f6523b78dc853","fallback-reachability","container-inventoried","","","not-extracted-dx9-scope","unaudited","pending"
"shaders/vertex/arbvp1/vsLiquidMagma.bls","vertex","arbvp1","vsLiquidMagma","660","7292f2ace3eca2e77d635c79a5751e06af4cdca77a9848a547d35bd593cb4279","fallback-reachability","container-inventoried","","","not-extracted-dx9-scope","unaudited","pending"
"shaders/vertex/arbvp1/vsLiquidProcWater_Editor.bls","vertex","arbvp1","vsLiquidProcWater_Editor","35180","4fd2f7188e99cfe83599b91592262f48e6712ee7d68aee4653a85c89fc2f390c","fallback-reachability","container-inventoried","","","not-extracted-dx9-scope","unaudited","pending"
"shaders/vertex/arbvp1/vsLiquidProcWater.bls","vertex","arbvp1","vsLiquidProcWater","35212","e63a0c948f47ab2b1fddfdd409a9d13759d5a4b8b14e4e78cf098091a35e6f03","fallback-reachability","container-inventoried","","","not-extracted-dx9-scope","unaudited","pending"
"shaders/vertex/arbvp1/vsLiquidWater.bls","vertex","arbvp1","vsLiquidWater","7332","de0d7818c3afed2114fd6695525530c77a9c0918b301f85bdce95fcfc3b8131c","fallback-reachability","container-inventoried","","","not-extracted-dx9-scope","unaudited","pending"
"shaders/vertex/arbvp1/vsLiquidWaterNoSpec.bls","vertex","arbvp1","vsLiquidWaterNoSpec","6232","57d839fc61cf9adf77a2bbfd46e400304fbaf5d36802adcc1aed9ab52de8e8d9","fallback-reachability","container-inventoried","","","not-extracted-dx9-scope","unaudited","pending"
"shaders/vertex/arbvp1/WaterRipples.bls","vertex","arbvp1","WaterRipples","316","63aa10e848f34f153aacf90d502f97e0ece6ae101d7c49d2da669ecf1c5e5ded","fallback-reachability","container-inventoried","","","not-extracted-dx9-scope","unaudited","pending"
"shaders/vertex/nvvp3/CDiffuse_T1.bls","vertex","nvvp3","CDiffuse_T1","150552","949358c173d0e24fa9d64b0785db6a26bbdb825bb1a2e6878e2b50ca28e6b4f5","fallback-reachability","container-inventoried","","","not-extracted-dx9-scope","unaudited","pending"
"shaders/vertex/nvvp3/Color_Proj_Proj.bls","vertex","nvvp3","Color_Proj_Proj","118432","876c0949c59eb6d20c5b9435cd1c7ab6feb3283df28c977099605393a9eb2f48","fallback-reachability","container-inventoried","","","not-extracted-dx9-scope","unaudited","pending"
"shaders/vertex/nvvp3/Color_T1.bls","vertex","nvvp3","Color_T1","113212","013c673ca5e63ddb031b02ba2ae453bfe0773400d7860442556f4be005cebe0e","fallback-reachability","container-inventoried","","","not-extracted-dx9-scope","unaudited","pending"
"shaders/vertex/nvvp3/DetailDoodad.bls","vertex","nvvp3","DetailDoodad","11052","e5aa722f18f078f03934665eb84dbfde6711dc9a4b115f465ad77ff31fd578f7","fallback-reachability","container-inventoried","","","not-extracted-dx9-scope","unaudited","pending"
"shaders/vertex/nvvp3/Diffuse_Env_Env.bls","vertex","nvvp3","Diffuse_Env_Env","171904","07efdc914bd172b4dc7e814bfb9a4b26a69c370764851a46554f512b1c0d8715","fallback-reachability","container-inventoried","","","not-extracted-dx9-scope","unaudited","pending"
"shaders/vertex/nvvp3/Diffuse_Env_T2.bls","vertex","nvvp3","Diffuse_Env_T2","184828","930dfea3974d7c36cbd6831ea528a03d0d3fceb7cceea4cd2ec9c5b94c78a282","fallback-reachability","container-inventoried","","","not-extracted-dx9-scope","unaudited","pending"
"shaders/vertex/nvvp3/Diffuse_Env.bls","vertex","nvvp3","Diffuse_Env","169408","1ff494048cf4af7b2df8c6407cb8b7100e801061f1d3a0d772707d6b8612a462","fallback-reachability","container-inventoried","","","not-extracted-dx9-scope","unaudited","pending"
"shaders/vertex/nvvp3/Diffuse_Proj_Proj.bls","vertex","nvvp3","Diffuse_Proj_Proj","157024","e2d8fc3c122960c1dfb8ec2b45a55d131e804fd53c3f44aab0af0c517f032830","fallback-reachability","container-inventoried","","","not-extracted-dx9-scope","unaudited","pending"
"shaders/vertex/nvvp3/Diffuse_T1_Env.bls","vertex","nvvp3","Diffuse_T1_Env","184828","43067db72f7511b95e2d4c9759592c1d810e05b38b0ef5deb34be8a8790de5d7","fallback-reachability","container-inventoried","","","not-extracted-dx9-scope","unaudited","pending"
"shaders/vertex/nvvp3/Diffuse_T1_T2.bls","vertex","nvvp3","Diffuse_T1_T2","166816","9c72cd5beb730c27063de418efc4baf2461d4e4d5c54198538bcdc3563c43785","fallback-reachability","container-inventoried","","","not-extracted-dx9-scope","unaudited","pending"
"shaders/vertex/nvvp3/Diffuse_T1.bls","vertex","nvvp3","Diffuse_T1","151396","de6766ef02e94d305e954d29e6d3ccb567e6152d2985daf6b75b669a83486e7b","fallback-reachability","container-inventoried","","","not-extracted-dx9-scope","unaudited","pending"
"shaders/vertex/nvvp3/Diffuse_T2.bls","vertex","nvvp3","Diffuse_T2","151396","109e9523b39f73478820dcb8249635ab75e62160ad44d64f68229c58168723f7","fallback-reachability","container-inventoried","","","not-extracted-dx9-scope","unaudited","pending"
"shaders/vertex/nvvp3/FFXNetherBlur.bls","vertex","nvvp3","FFXNetherBlur","900","a69a120047a5c2eafc83b27f2e2485d622f43856fac47011cb99226ddacba659","fallback-reachability","container-inventoried","","","not-extracted-dx9-scope","unaudited","pending"
"shaders/vertex/nvvp3/MapObjDiffuse_T1_Refl.bls","vertex","nvvp3","MapObjDiffuse_T1_Refl","143124","3d170e9038922412d4acc893f860aebe86f3db4391276711905e4c2bebc0400f","fallback-reachability","container-inventoried","","","not-extracted-dx9-scope","unaudited","pending"
"shaders/vertex/nvvp3/MapObjDiffuse_T1.bls","vertex","nvvp3","MapObjDiffuse_T1","121428","63de39d94a48918233ee1d2961e1dc305d027cb1b04b920c8d7828afd1c74611","fallback-reachability","container-inventoried","","","not-extracted-dx9-scope","unaudited","pending"
"shaders/vertex/nvvp3/MapObjSpecular_T1.bls","vertex","nvvp3","MapObjSpecular_T1","135216","97e2ff51557631e9084d1d21593e0cb661de202d2f850ef5b6ecfd5542dcc83c","fallback-reachability","container-inventoried","","","not-extracted-dx9-scope","unaudited","pending"
"shaders/vertex/nvvp3/MapObjUDiffuse_Comp.bls","vertex","nvvp3","MapObjUDiffuse_Comp","134628","a15b243b40b6f1ba51ffe3777dbb70beff17822835cfc0ca3f0da1dddcddcf9f","fallback-reachability","container-inventoried","","","not-extracted-dx9-scope","unaudited","pending"
"shaders/vertex/nvvp3/MapObjUDiffuse_T1_Refl.bls","vertex","nvvp3","MapObjUDiffuse_T1_Refl","144288","4f9e0d27083af6858dac2efef541d21fe5d05b17b745040ece94dde438dd2bda","fallback-reachability","container-inventoried","","","not-extracted-dx9-scope","unaudited","pending"
"shaders/vertex/nvvp3/MapObjUDiffuse_T1.bls","vertex","nvvp3","MapObjUDiffuse_T1","122544","cc63597e6a38d0a9bba191f2e6f392cca65c3cd392d5b661e1d3a2db0f5c5c0f","fallback-reachability","container-inventoried","","","not-extracted-dx9-scope","unaudited","pending"
"shaders/vertex/nvvp3/MapObjUSpecular_T1.bls","vertex","nvvp3","MapObjUSpecular_T1","136368","0475dd85f180422d21ebfaee05bd8c84ae39539cfbe8f1e822fc8d6020e96d9b","fallback-reachability","container-inventoried","","","not-extracted-dx9-scope","unaudited","pending"
"shaders/vertex/nvvp3/patter.bls","vertex","nvvp3","patter","1344","41c0f86863a779e71d029b2664a8a58045323de7bb845444cc4e9745d7c5ca72","fallback-reachability","container-inventoried","","","not-extracted-dx9-scope","unaudited","pending"
"shaders/vertex/nvvp3/rain.bls","vertex","nvvp3","rain","1724","170e16566a0ac96112b84889d17d443f8674b4cac6e798959653199d7cde0975","fallback-reachability","container-inventoried","","","not-extracted-dx9-scope","unaudited","pending"
"shaders/vertex/nvvp3/sand.bls","vertex","nvvp3","sand","884","dc3b4506870314d32bb4990a851bb4d4fe875fb1580641aa7c2040de1394cee1","fallback-reachability","container-inventoried","","","not-extracted-dx9-scope","unaudited","pending"
"shaders/vertex/nvvp3/ShadowMap.bls","vertex","nvvp3","ShadowMap","83292","11f558ab63c112094d80104edc57cde18fdba52b7f1dbcf758f1e33455bc4e6b","fallback-reachability","container-inventoried","","","not-extracted-dx9-scope","unaudited","pending"
"shaders/vertex/nvvp3/snowpoint.bls","vertex","nvvp3","snowpoint","864","450afc21fa8fadd3a5466d4cc266db49194a173fbbe12799ab749e72717953eb","fallback-reachability","container-inventoried","","","not-extracted-dx9-scope","unaudited","pending"
"shaders/vertex/nvvp3/Terrain.bls","vertex","nvvp3","Terrain","285932","5b206f44cd70595ddfa368e3610aa8dd5de111a8ea31fbdfb22ed89e0e0c7c02","fallback-reachability","container-inventoried","","","not-extracted-dx9-scope","unaudited","pending"
"shaders/vertex/nvvp3/UI.bls","vertex","nvvp3","UI","952","b026253f6a1da01a8da817b4c90ea2af5a65862a7e32d46efe5afe742f19d665","fallback-reachability","container-inventoried","","","not-extracted-dx9-scope","unaudited","pending"
"shaders/vertex/nvvp3/vsLiquidMagma.bls","vertex","nvvp3","vsLiquidMagma","692","784ef44aa065be0694e8891ae42e6fc4f46d72d2931f3048c34edfed1a344d19","fallback-reachability","container-inventoried","","","not-extracted-dx9-scope","unaudited","pending"
"shaders/vertex/nvvp3/vsLiquidProcWater_Editor.bls","vertex","nvvp3","vsLiquidProcWater_Editor","28748","23b472a42b732c5b2790c4cdc8f5780e1231cc29d0cf2d2732ba00291a1aa44e","fallback-reachability","container-inventoried","","","not-extracted-dx9-scope","unaudited","pending"
"shaders/vertex/nvvp3/vsLiquidProcWater.bls","vertex","nvvp3","vsLiquidProcWater","28924","0ef8dd97913ecd58463b14c44fbc10fef2ea4709d3a440ca6b907600fe5fbb68","fallback-reachability","container-inventoried","","","not-extracted-dx9-scope","unaudited","pending"
"shaders/vertex/nvvp3/vsLiquidWater.bls","vertex","nvvp3","vsLiquidWater","7368","26e072d87a9e47baf2ee8134da88612b80756632c99a15ae76c6569aa8234d50","fallback-reachability","container-inventoried","","","not-extracted-dx9-scope","unaudited","pending"
"shaders/vertex/nvvp3/vsLiquidWaterNoSpec.bls","vertex","nvvp3","vsLiquidWaterNoSpec","6160","92ba63cfb2255c69fe66d3d155d20312773ab541b10a779c34431ec5c8dd177b","fallback-reachability","container-inventoried","","","not-extracted-dx9-scope","unaudited","pending"
"shaders/vertex/nvvp3/WaterRipples.bls","vertex","nvvp3","WaterRipples","372","b4b8147b570c3475a7257d58c762d462a4020a536c925762a42a12ddc3f764c2","fallback-reachability","container-inventoried","","","not-extracted-dx9-scope","unaudited","pending"
"shaders/vertex/vs_1_1/CDiffuse_T1.bls","vertex","vs_1_1","CDiffuse_T1","77096","b02ed4839c05aa6d6c7ca5f7631be3ffcba112abef994de845cea3e330a05927","fallback-reachability","parsed","90","54","assembly-cached","unaudited","pending"
"shaders/vertex/vs_1_1/Color_Proj_Proj.bls","vertex","vs_1_1","Color_Proj_Proj","50832","fdc021e94fd4109fbc978bf8d6a4f16a53bb3daf6e3de210299bc7ddae31be56","fallback-reachability","parsed","90","18","assembly-cached","unaudited","pending"
"shaders/vertex/vs_1_1/Color_T1.bls","vertex","vs_1_1","Color_T1","50832","919735d4e8e89f42fc922940f8b2bb6e8d130ba02569d700deaf098dd61f67d2","fallback-reachability","parsed","90","18","assembly-cached","unaudited","pending"
"shaders/vertex/vs_1_1/DetailDoodad.bls","vertex","vs_1_1","DetailDoodad","6608","9f50cd323fbb5a7c5c162687b61f64adc8bfc52d1a9f058999464dd63ae7d723","fallback-reachability","parsed","6","6","assembly-cached","unaudited","pending"
"shaders/vertex/vs_1_1/Diffuse_Env_Env.bls","vertex","vs_1_1","Diffuse_Env_Env","91548","96b621dcdd5ce6480fe9af4abd822e999e04df4e2d177ebd06a4f80cef25673e","fallback-reachability","parsed","90","54","assembly-cached","unaudited","pending"
"shaders/vertex/vs_1_1/Diffuse_Env_T2.bls","vertex","vs_1_1","Diffuse_Env_T2","95148","fbb39ddb9e37248d99c57ee2673d85d82de18231477464fd76f8f8fd7ec0c108","fallback-reachability","parsed","90","54","assembly-cached","unaudited","pending"
"shaders/vertex/vs_1_1/Diffuse_Env.bls","vertex","vs_1_1","Diffuse_Env","89388","ff48ee1b2836d8873b88c7b29278eb42a7de363daa8653b37251bb95fdd2e0fd","fallback-reachability","parsed","90","54","assembly-cached","unaudited","pending"
"shaders/vertex/vs_1_1/Diffuse_Proj_Proj.bls","vertex","vs_1_1","Diffuse_Proj_Proj","77244","51b0aea52c4d7e0fa4adce32342db08518da68373587b83079d9562c7d67e8f8","fallback-reachability","parsed","90","54","assembly-cached","unaudited","pending"
"shaders/vertex/vs_1_1/Diffuse_T1_Env.bls","vertex","vs_1_1","Diffuse_T1_Env","95148","20449c3f188d3c877cbfefbaba95e3e86bc056a9d930083342f24c24231068b2","fallback-reachability","parsed","90","54","assembly-cached","unaudited","pending"
"shaders/vertex/vs_1_1/Diffuse_T1_T2.bls","vertex","vs_1_1","Diffuse_T1_T2","83036","d8e992a79eeef4b20f8634e98fa286526ba8a1dab23addbbb849351f5a82c194","fallback-reachability","parsed","90","54","assembly-cached","unaudited","pending"
"shaders/vertex/vs_1_1/Diffuse_T1.bls","vertex","vs_1_1","Diffuse_T1","77276","4aace1d091e2a45b99adf6518f040c84adb6cab5abf32abe4d6f19114408f405","fallback-reachability","parsed","90","54","assembly-cached","unaudited","pending"
"shaders/vertex/vs_1_1/Diffuse_T2.bls","vertex","vs_1_1","Diffuse_T2","77276","f3ddd963d079d11d3f49192d3bfa19e422a095729436e059c42db15940563e47","fallback-reachability","parsed","90","54","assembly-cached","unaudited","pending"
"shaders/vertex/vs_1_1/FFXNetherBlur.bls","vertex","vs_1_1","FFXNetherBlur","664","cdae9376d1d10063eaa4245a93dc926011dfe68e7130bdccc2885c923fc7fc82","fallback-reachability","parsed","1","1","assembly-cached","unaudited","pending"
"shaders/vertex/vs_1_1/MapObjDiffuse_Comp.bls","vertex","vs_1_1","MapObjDiffuse_Comp","0","e3b0c44298fc1c149afbf4c8996fb92427ae41e4649b934ca495991b7852b855","fallback-reachability","empty-file","0","0","assembly-cached","unaudited","pending"
"shaders/vertex/vs_1_1/MapObjDiffuse_T1_Env.bls","vertex","vs_1_1","MapObjDiffuse_T1_Env","0","e3b0c44298fc1c149afbf4c8996fb92427ae41e4649b934ca495991b7852b855","fallback-reachability","empty-file","0","0","assembly-cached","unaudited","pending"
"shaders/vertex/vs_1_1/MapObjDiffuse_T1_Refl.bls","vertex","vs_1_1","MapObjDiffuse_T1_Refl","70608","73b0b1c18ce4bd4c43894d3b1e46081227dc495e0ebc49e15b29926c005093f5","fallback-reachability","parsed","90","18","assembly-cached","unaudited","pending"
"shaders/vertex/vs_1_1/MapObjDiffuse_T1.bls","vertex","vs_1_1","MapObjDiffuse_T1","59952","44225c16088f12bd4fc298526e9368009b321105d9957e7db1aa291c531d1e0f","fallback-reachability","parsed","90","18","assembly-cached","unaudited","pending"
"shaders/vertex/vs_1_1/MapObjSpecular_T1.bls","vertex","vs_1_1","MapObjSpecular_T1","69948","a288c8f1a4430498d5b759599631af09f98350b43a54507c65a20d4147742a6c","fallback-reachability","parsed","90","18","assembly-cached","unaudited","pending"
"shaders/vertex/vs_1_1/MapObjUDiffuse_Comp.bls","vertex","vs_1_1","MapObjUDiffuse_Comp","64992","c9287d61d61b162dd54a36b87fcb7c73d5a4c74099572314fc2a4eedcb57cbf5","fallback-reachability","parsed","90","18","assembly-cached","unaudited","pending"
"shaders/vertex/vs_1_1/MapObjUDiffuse_T1_Env.bls","vertex","vs_1_1","MapObjUDiffuse_T1_Env","0","e3b0c44298fc1c149afbf4c8996fb92427ae41e4649b934ca495991b7852b855","fallback-reachability","empty-file","0","0","assembly-cached","unaudited","pending"
"shaders/vertex/vs_1_1/MapObjUDiffuse_T1_Refl.bls","vertex","vs_1_1","MapObjUDiffuse_T1_Refl","71328","9a629f55cc604fbc88fab5e305547385ffed8bce57ac473e884040d6dd98efb2","fallback-reachability","parsed","90","18","assembly-cached","unaudited","pending"
"shaders/vertex/vs_1_1/MapObjUDiffuse_T1.bls","vertex","vs_1_1","MapObjUDiffuse_T1","60672","58b16d992e4a6894ab73c2cf843453d15c4676507833c6003792013bdb677468","fallback-reachability","parsed","90","18","assembly-cached","unaudited","pending"
"shaders/vertex/vs_1_1/MapObjUSpecular_T1.bls","vertex","vs_1_1","MapObjUSpecular_T1","70668","39f8aabaf093660f253d526344875f3e686cafda487d5280cdb4209b5ad1be05","fallback-reachability","parsed","90","18","assembly-cached","unaudited","pending"
"shaders/vertex/vs_1_1/patter.bls","vertex","vs_1_1","patter","772","f67485baf1a07705b9499ebb29af2cdc91f516a4abf8bab222aadcb8e86a9f9b","fallback-reachability","parsed","1","1","assembly-cached","unaudited","pending"
"shaders/vertex/vs_1_1/rain.bls","vertex","vs_1_1","rain","824","87c3ccffcf78a92910adedfc650427a4666d25500ed507b4fa18e17743fdc26e","fallback-reachability","parsed","1","1","assembly-cached","unaudited","pending"
"shaders/vertex/vs_1_1/sand.bls","vertex","vs_1_1","sand","616","026967053a51c1ba7512b1b3b36f069ef6a10217eed7b4eaa180c2fe5091b469","fallback-reachability","parsed","1","1","assembly-cached","unaudited","pending"
"shaders/vertex/vs_1_1/ShadowMap.bls","vertex","vs_1_1","ShadowMap","38772","62ff83de8e326a524a1ab13995e99e71a55c71ba071ceb4c35529fec438ad7c7","fallback-reachability","parsed","90","3","assembly-cached","unaudited","pending"
"shaders/vertex/vs_1_1/snowpoint.bls","vertex","vs_1_1","snowpoint","524","0a3f1abfab93fd6e018c62cb49cef236b021833b2ffff8a0634f9242225bcf15","fallback-reachability","parsed","1","1","assembly-cached","unaudited","pending"
"shaders/vertex/vs_1_1/Terrain.bls","vertex","vs_1_1","Terrain","149004","dec5654c03b52f1b53895755880a9a929699a5a1a4b2479dfa1cbc905e8cd333","fallback-reachability","parsed","128","64","assembly-cached","unaudited","pending"
"shaders/vertex/vs_1_1/UI.bls","vertex","vs_1_1","UI","336","d2e01c030e37bc08098637850104ed9575540b53635980354b6e101910387e30","fallback-reachability","parsed","2","2","assembly-cached","unaudited","pending"
"shaders/vertex/vs_1_1/vsLiquidMagma.bls","vertex","vs_1_1","vsLiquidMagma","360","a500c31941197d4dff58f4bf5482c698740ba242df59ec09d709288ee5841b12","fallback-reachability","parsed","1","1","assembly-cached","unaudited","pending"
"shaders/vertex/vs_1_1/vsLiquidWater.bls","vertex","vs_1_1","vsLiquidWater","4428","07ae470660d41e25eccceea63e2a88f2916adb22f46a5c802372fcb28ce84c8c","fallback-reachability","parsed","4","4","assembly-cached","unaudited","pending"
"shaders/vertex/vs_1_1/vsLiquidWaterNoSpec.bls","vertex","vs_1_1","vsLiquidWaterNoSpec","3660","b1a83344ddaa3ec4ad45daf88cff325e8d73907c0001bee0a04eaa703967f98c","fallback-reachability","parsed","4","4","assembly-cached","unaudited","pending"
"shaders/vertex/vs_1_1/WaterRipples.bls","vertex","vs_1_1","WaterRipples","168","9de26eb591c165cd76a59567a1c3c22528ab8b27a55c2666a9ebf975338728f9","fallback-reachability","parsed","1","1","assembly-cached","unaudited","pending"
"shaders/vertex/vs_2_0/CDiffuse_T1.bls","vertex","vs_2_0","CDiffuse_T1","76740","c9cc2edda972ddf52ceb117dd384d3f568a39fa1ae33da22f1ed08a4ee4b747b","fallback-reachability","parsed","90","54","assembly-cached","unaudited","pending"
"shaders/vertex/vs_2_0/Color_Proj_Proj.bls","vertex","vs_2_0","Color_Proj_Proj","50112","0d0c512d2a4387dae866cc1f0990e705868f7d44354409e5d098f545d9fe20ff","fallback-reachability","parsed","90","18","assembly-cached","unaudited","pending"
"shaders/vertex/vs_2_0/Color_T1.bls","vertex","vs_2_0","Color_T1","50112","98c2ab2bd371e59626db083717625541125d0f5dd696c25448d5b6c294fa5db7","fallback-reachability","parsed","90","18","assembly-cached","unaudited","pending"
"shaders/vertex/vs_2_0/DetailDoodad.bls","vertex","vs_2_0","DetailDoodad","6704","8319a237b6c2d36e90832329063ce065e686c53e3e123293ab28e4fbe5f9410d","fallback-reachability","parsed","6","6","assembly-cached","unaudited","pending"
"shaders/vertex/vs_2_0/Diffuse_Env_Env.bls","vertex","vs_2_0","Diffuse_Env_Env","88276","a397845f58374978c7c20709817dd8704ad68fade0a5a369c050f5ae0649eadb","fallback-reachability","parsed","90","54","assembly-cached","unaudited","pending"
"shaders/vertex/vs_2_0/Diffuse_Env_T2.bls","vertex","vs_2_0","Diffuse_Env_T2","91876","0a0eb13346709615a15a0b46906898aa86f3f1802975fe188514ef9b43247678","fallback-reachability","parsed","90","54","assembly-cached","unaudited","pending"
"shaders/vertex/vs_2_0/Diffuse_Env.bls","vertex","vs_2_0","Diffuse_Env","86116","104bca79fb8bdf5e1a6038e98f94945b356f20909f4d19f824c12f955394dc8f","fallback-reachability","parsed","90","54","assembly-cached","unaudited","pending"
"shaders/vertex/vs_2_0/Diffuse_Proj_Proj.bls","vertex","vs_2_0","Diffuse_Proj_Proj","78376","c80d0933db571bc6620f13e101954248af270dde7779def935da3fa3b3ef3d36","fallback-reachability","parsed","90","54","assembly-cached","unaudited","pending"
"shaders/vertex/vs_2_0/Diffuse_T1_Env.bls","vertex","vs_2_0","Diffuse_T1_Env","91876","4b1da1c0cce21d6ca10883c645acac3146d695b693f4c31d0da10787278ef641","fallback-reachability","parsed","90","54","assembly-cached","unaudited","pending"
"shaders/vertex/vs_2_0/Diffuse_T1_T2.bls","vertex","vs_2_0","Diffuse_T1_T2","84120","b37db05774d515c0c400d77d8167350cd1e1a4d3fa59e9941d6ab67a885356f9","fallback-reachability","parsed","90","54","assembly-cached","unaudited","pending"
"shaders/vertex/vs_2_0/Diffuse_T1.bls","vertex","vs_2_0","Diffuse_T1","78360","19ec09d6c6484b714a7d760de326a98fe090bb0ff55f0209a75e293b921a98fd","fallback-reachability","parsed","90","54","assembly-cached","unaudited","pending"
"shaders/vertex/vs_2_0/Diffuse_T2.bls","vertex","vs_2_0","Diffuse_T2","78360","99ea24b914a734eda33e026f847835e6b79bf5cf87eeb40153f72aa155de7394","fallback-reachability","parsed","90","54","assembly-cached","unaudited","pending"
"shaders/vertex/vs_2_0/FFXNetherBlur.bls","vertex","vs_2_0","FFXNetherBlur","544","175445dc67def60cd422853745829e655cb3c876c7d232d6a45c64d60b1b05d5","fallback-reachability","parsed","1","1","assembly-cached","unaudited","pending"
"shaders/vertex/vs_2_0/MapObjDiffuse_Comp.bls","vertex","vs_2_0","MapObjDiffuse_Comp","0","e3b0c44298fc1c149afbf4c8996fb92427ae41e4649b934ca495991b7852b855","fallback-reachability","empty-file","0","0","assembly-cached","unaudited","pending"
"shaders/vertex/vs_2_0/MapObjDiffuse_T1_Env.bls","vertex","vs_2_0","MapObjDiffuse_T1_Env","0","e3b0c44298fc1c149afbf4c8996fb92427ae41e4649b934ca495991b7852b855","fallback-reachability","empty-file","0","0","assembly-cached","unaudited","pending"
"shaders/vertex/vs_2_0/MapObjDiffuse_T1_Refl.bls","vertex","vs_2_0","MapObjDiffuse_T1_Refl","67728","031ee03be2a555ac3b3ee50d39c364d2d26b8d357af23d28d58dc34b4e52511f","fallback-reachability","parsed","90","18","assembly-cached","unaudited","pending"
"shaders/vertex/vs_2_0/MapObjDiffuse_T1.bls","vertex","vs_2_0","MapObjDiffuse_T1","61488","67374f79748afca9797fa5e5a29fcd22f97cd71bc662904628d384fd4b90fd6d","fallback-reachability","parsed","90","18","assembly-cached","unaudited","pending"
"shaders/vertex/vs_2_0/MapObjSpecular_T1.bls","vertex","vs_2_0","MapObjSpecular_T1","68868","5008016b172704c1c742a8bf2b151dbb59ae17515929047054a95ba0b29b2583","fallback-reachability","parsed","90","18","assembly-cached","unaudited","pending"
"shaders/vertex/vs_2_0/MapObjUDiffuse_Comp.bls","vertex","vs_2_0","MapObjUDiffuse_Comp","66528","4bd8a9712fc2230a5703ed159bcde2273a2fcf96cf5249d22f641154976fa6ea","fallback-reachability","parsed","90","18","assembly-cached","unaudited","pending"
"shaders/vertex/vs_2_0/MapObjUDiffuse_T1_Env.bls","vertex","vs_2_0","MapObjUDiffuse_T1_Env","0","e3b0c44298fc1c149afbf4c8996fb92427ae41e4649b934ca495991b7852b855","fallback-reachability","empty-file","0","0","assembly-cached","unaudited","pending"
"shaders/vertex/vs_2_0/MapObjUDiffuse_T1_Refl.bls","vertex","vs_2_0","MapObjUDiffuse_T1_Refl","68448","eab30afdea754f47a7459921221f52598f7436865d8381f6644304155113ad37","fallback-reachability","parsed","90","18","assembly-cached","unaudited","pending"
"shaders/vertex/vs_2_0/MapObjUDiffuse_T1.bls","vertex","vs_2_0","MapObjUDiffuse_T1","62208","0ba45c23442e7c245ba29af1e3ff3ad523452797a24c95460200e38729a18f7e","fallback-reachability","parsed","90","18","assembly-cached","unaudited","pending"
"shaders/vertex/vs_2_0/MapObjUSpecular_T1.bls","vertex","vs_2_0","MapObjUSpecular_T1","69588","0a8e14b5400513f52ed2f8238c53bb15b3fbd29c1a72fe40299b8eb54b73a234","fallback-reachability","parsed","90","18","assembly-cached","unaudited","pending"
"shaders/vertex/vs_2_0/patter.bls","vertex","vs_2_0","patter","796","c27c7617cdc13fc254dd6d919a333c9b1696cd8552c7beca73efcf65a3513729","fallback-reachability","parsed","1","1","assembly-cached","unaudited","pending"
"shaders/vertex/vs_2_0/rain.bls","vertex","vs_2_0","rain","772","72c317391ae8d029471f991e7ce251ac2a19fb0d29ba45b409960d3dd645c81b","fallback-reachability","parsed","1","1","assembly-cached","unaudited","pending"
"shaders/vertex/vs_2_0/sand.bls","vertex","vs_2_0","sand","616","8fa24568437d300286b2725d5d91f8e60e44e2c2804a16022b578daa49b66a7c","fallback-reachability","parsed","1","1","assembly-cached","unaudited","pending"
"shaders/vertex/vs_2_0/ShadowMap.bls","vertex","vs_2_0","ShadowMap","36612","7ee60a4933e26814c9ce221f5cbe788c9c445161d71f20e86d3a1d2d3af5e718","fallback-reachability","parsed","90","3","assembly-cached","unaudited","pending"
"shaders/vertex/vs_2_0/snowpoint.bls","vertex","vs_2_0","snowpoint","524","5c18121d069f226be044b6d24b7b69d74db04f3a13737a19ecafd9ee2237ffe5","fallback-reachability","parsed","1","1","assembly-cached","unaudited","pending"
"shaders/vertex/vs_2_0/Terrain.bls","vertex","vs_2_0","Terrain","160524","3bedcdfa3f183363739338cbac8abd698210cc253b10a3330f1c5778e517186c","fallback-reachability","parsed","128","128","assembly-cached","unaudited","pending"
"shaders/vertex/vs_2_0/UI.bls","vertex","vs_2_0","UI","336","f29a5da50a3f7fecb6a2323527cb9c29566c7da066c02e830f5e1ce791c9edd6","fallback-reachability","parsed","2","2","assembly-cached","unaudited","pending"
"shaders/vertex/vs_2_0/vsLiquidMagma.bls","vertex","vs_2_0","vsLiquidMagma","376","d5b408bc6e06a0894d24f581ce64c1d2aa5480e605f90e6d4c9eb980e55e017e","fallback-reachability","parsed","1","1","assembly-cached","unaudited","pending"
"shaders/vertex/vs_2_0/vsLiquidProcWater_Editor.bls","vertex","vs_2_0","vsLiquidProcWater_Editor","10636","1cc7101f37bb7cc45d3e2aea89d087cd13ef2ed6902d5adefa15b1929acdeddc","fallback-reachability","parsed","4","1","assembly-cached","unaudited","pending"
"shaders/vertex/vs_2_0/vsLiquidProcWater.bls","vertex","vs_2_0","vsLiquidProcWater","10636","6137a0e1490c3cffd7a98b1e98f70aaec1ab3f7b8ea0c00c3e0dbacd011fa7a0","fallback-reachability","parsed","4","1","assembly-cached","unaudited","pending"
"shaders/vertex/vs_2_0/vsLiquidWater.bls","vertex","vs_2_0","vsLiquidWater","4268","7faefed32b2779574380437de0484593304516804238466eb9073fc3997b38be","fallback-reachability","parsed","4","4","assembly-cached","unaudited","pending"
"shaders/vertex/vs_2_0/vsLiquidWaterNoSpec.bls","vertex","vs_2_0","vsLiquidWaterNoSpec","3724","e4b469a102728795e76efd88156cfa5ce349ac2ba8255ce3f1e78174c84b36c4","fallback-reachability","parsed","4","4","assembly-cached","unaudited","pending"
"shaders/vertex/vs_2_0/WaterRipples.bls","vertex","vs_2_0","WaterRipples","168","5213b04134c5cd8c8243426b31322d77f122e1357245eb90f09637f56420d31e","fallback-reachability","parsed","1","1","assembly-cached","unaudited","pending"
"shaders/vertex/vs_3_0/CDiffuse_T1.bls","vertex","vs_3_0","CDiffuse_T1","79620","76016a4cb29124d784163dd0739b64bea80a9bf228c9492e8e66e6b98a3c52e3","sm3-primary","parsed","90","54","assembly-cached","unaudited","pending"
"shaders/vertex/vs_3_0/Color_Proj_Proj.bls","vertex","vs_3_0","Color_Proj_Proj","58392","210ddc6297d6643d5940395cde1fe7ccd479c9690568707844c9adc4535dd06b","sm3-primary","parsed","90","18","assembly-cached","unaudited","pending"
"shaders/vertex/vs_3_0/Color_T1.bls","vertex","vs_3_0","Color_T1","57312","ec46462309e02362b52e98d810594406ace8712de5638c518c7024d0db5ec1f2","sm3-primary","parsed","90","18","assembly-cached","unaudited","pending"
"shaders/vertex/vs_3_0/DetailDoodad.bls","vertex","vs_3_0","DetailDoodad","6584","e925fb2b732d0c7e325bbdb134cf07e5a23fb87f52b7e57c4ab18e8988fc5a4b","sm3-primary","parsed","6","6","assembly-cached","unaudited","pending"
"shaders/vertex/vs_3_0/Diffuse_Env_Env.bls","vertex","vs_3_0","Diffuse_Env_Env","90796","d8721d14291f1eb64f402168e3d32d44e48bd2cf141d81a9ec16435905375d04","sm3-primary","parsed","90","54","assembly-cached","unaudited","pending"
"shaders/vertex/vs_3_0/Diffuse_Env_T2.bls","vertex","vs_3_0","Diffuse_Env_T2","94396","3177057ddd93065c1790161c7cc7a72c85bb7014c0ebcb16e6ba9580c51a538f","sm3-primary","parsed","90","54","assembly-cached","unaudited","pending"
"shaders/vertex/vs_3_0/Diffuse_Env.bls","vertex","vs_3_0","Diffuse_Env","87556","773a6dd65b019f3f5aae197d69089ae15c0b2637a6360d668d77d8b5eeb9c161","sm3-primary","parsed","90","54","assembly-cached","unaudited","pending"
"shaders/vertex/vs_3_0/Diffuse_Proj_Proj.bls","vertex","vs_3_0","Diffuse_Proj_Proj","80896","99a899878ec4824f983aca9d8269697908ffaa13defa36bfed5bd8ef2c29d479","sm3-primary","parsed","90","54","assembly-cached","unaudited","pending"
"shaders/vertex/vs_3_0/Diffuse_T1_Env.bls","vertex","vs_3_0","Diffuse_T1_Env","94396","9b6dbb1c84bf691b8e9a571181e33868aa78fcdfd1cf3c620cba151e158b5add","sm3-primary","parsed","90","54","assembly-cached","unaudited","pending"
"shaders/vertex/vs_3_0/Diffuse_T1_T2.bls","vertex","vs_3_0","Diffuse_T1_T2","86640","182f50672d6a9bfd262ed4f56ba107159fc99d431bf069664bad8c1e6a6166aa","sm3-primary","parsed","90","54","assembly-cached","unaudited","pending"
"shaders/vertex/vs_3_0/Diffuse_T1.bls","vertex","vs_3_0","Diffuse_T1","79800","e552498ae61b769c49ba87fd9ea8ff8c9d682df1b09ddc3802f6354e7be42f08","sm3-primary","parsed","90","54","assembly-cached","unaudited","pending"
"shaders/vertex/vs_3_0/Diffuse_T2.bls","vertex","vs_3_0","Diffuse_T2","79800","4130016b523d90699b0173c27e76446b7fa8a33f4a2a47d746a3f66dbd8a1325","sm3-primary","parsed","90","54","assembly-cached","unaudited","pending"
"shaders/vertex/vs_3_0/MapObjDiffuse_Comp.bls","vertex","vs_3_0","MapObjDiffuse_Comp","0","e3b0c44298fc1c149afbf4c8996fb92427ae41e4649b934ca495991b7852b855","sm3-primary","empty-file","0","0","assembly-cached","unaudited","pending"
"shaders/vertex/vs_3_0/MapObjDiffuse_T1_Env.bls","vertex","vs_3_0","MapObjDiffuse_T1_Env","0","e3b0c44298fc1c149afbf4c8996fb92427ae41e4649b934ca495991b7852b855","sm3-primary","empty-file","0","0","assembly-cached","unaudited","pending"
"shaders/vertex/vs_3_0/MapObjDiffuse_T1_Refl.bls","vertex","vs_3_0","MapObjDiffuse_T1_Refl","71688","d3b7b09104f87eb09208117d40bea05b1e88244c115b2c4324e94ae0bbaff461","sm3-primary","parsed","90","18","assembly-cached","unaudited","pending"
"shaders/vertex/vs_3_0/MapObjDiffuse_T1.bls","vertex","vs_3_0","MapObjDiffuse_T1","64368","031ff46fe910b7b4def18a31ba94244e1da13277632a21cb4a664084df45eca2","sm3-primary","parsed","90","18","assembly-cached","unaudited","pending"
"shaders/vertex/vs_3_0/MapObjSpecular_T1.bls","vertex","vs_3_0","MapObjSpecular_T1","71388","bcd9c36de4d77631e9bf77265161a17b436575519814b746d32e938fb4cede5b","sm3-primary","parsed","90","18","assembly-cached","unaudited","pending"
"shaders/vertex/vs_3_0/MapObjUDiffuse_Comp.bls","vertex","vs_3_0","MapObjUDiffuse_Comp","71568","e472ec7bee4dc2d26ab6a140329b50c195825246a907ebd1fcaa0b145a1aa621","sm3-primary","parsed","90","18","assembly-cached","unaudited","pending"
"shaders/vertex/vs_3_0/MapObjUDiffuse_T1_Env.bls","vertex","vs_3_0","MapObjUDiffuse_T1_Env","0","e3b0c44298fc1c149afbf4c8996fb92427ae41e4649b934ca495991b7852b855","sm3-primary","empty-file","0","0","assembly-cached","unaudited","pending"
"shaders/vertex/vs_3_0/MapObjUDiffuse_T1_Refl.bls","vertex","vs_3_0","MapObjUDiffuse_T1_Refl","72408","a1458cd17fc1f37f514ea4196690a980148e6672bacbcf5c3dd3f790b477d0b8","sm3-primary","parsed","90","18","assembly-cached","unaudited","pending"
"shaders/vertex/vs_3_0/MapObjUDiffuse_T1.bls","vertex","vs_3_0","MapObjUDiffuse_T1","65088","5cef9c464d3200f2aa8644a53a99a2e92a67dd679aaff370bd24150cdb24cc50","sm3-primary","parsed","90","18","assembly-cached","unaudited","pending"
"shaders/vertex/vs_3_0/MapObjUSpecular_T1.bls","vertex","vs_3_0","MapObjUSpecular_T1","72108","4e8baa8c0aae96aa69f19128f985ae0ae7a693963ab5dd35846849f813c08a52","sm3-primary","parsed","90","18","assembly-cached","unaudited","pending"
"shaders/vertex/vs_3_0/ShadowMap.bls","vertex","vs_3_0","ShadowMap","39852","39728b378b10845cc8be4223b2bffe0106f055a78e2664984b75ddf1a8cd5096","sm3-primary","parsed","90","3","assembly-cached","unaudited","pending"
"shaders/vertex/vs_3_0/Terrain.bls","vertex","vs_3_0","Terrain","164108","ebe540ffeae3c2bcbd9f58adff2c50b604874f11202b2f57a98d8481c6e5d09e","sm3-primary","parsed","128","128","assembly-cached","unaudited","pending"
"shaders/vertex/vs_3_0/UI.bls","vertex","vs_3_0","UI","408","0115e88062951e388b570d6a9fdb886043c0fa37ac8c611cd6328f58c86f0cbd","sm3-primary","parsed","2","2","assembly-cached","unaudited","pending"
"shaders/vertex/vs_3_0/vsLiquidMagma.bls","vertex","vs_3_0","vsLiquidMagma","424","03e3a4be7e19155073b87c59e03569d2f8627cb7a16b8ebc1754fb19301782be","sm3-primary","parsed","1","1","assembly-cached","unaudited","pending"
"shaders/vertex/vs_3_0/vsLiquidProcWater_Editor.bls","vertex","vs_3_0","vsLiquidProcWater_Editor","9916","97ff2098551da5d4c8145ea4c5f9c5c45fefe8cfcfd9f6e6c0a756054112f068","sm3-primary","parsed","4","1","assembly-cached","unaudited","pending"
"shaders/vertex/vs_3_0/vsLiquidProcWater.bls","vertex","vs_3_0","vsLiquidProcWater","9916","de84a82c998be7e4f07cd96fadea865d2be1a5471449a5fe3e15a62cedbdd564","sm3-primary","parsed","4","1","assembly-cached","unaudited","pending"
"shaders/vertex/vs_3_0/vsLiquidWater.bls","vertex","vs_3_0","vsLiquidWater","4236","99aed4abc6bbb17c24a43116d78e3f7c5d8f875bb8fdd58fd427bd6bd9b529b3","sm3-primary","parsed","4","4","assembly-cached","unaudited","pending"
"shaders/vertex/vs_3_0/vsLiquidWaterNoSpec.bls","vertex","vs_3_0","vsLiquidWaterNoSpec","3644","5988a71baaaa65ff1157ae350528b22dd38fb532b9dde3ee1f656f1af8a69c37","sm3-primary","parsed","4","4","assembly-cached","unaudited","pending"
"shaders/vertex/vs_3_0/WaterRipples.bls","vertex","vs_3_0","WaterRipples","204","f569226392cb476b40ad17aba92a3b18cfcbfe46515bb5204a1134e66785d234","sm3-primary","parsed","1","1","assembly-cached","unaudited","pending"
